"","local","cidade","estado","fungicida","irrigacao","genotipo","tipo_de_grao","repeticao","data_semeadura","FO","FS","safra","id_ensaio","grupo_fo","grupo_fs"
"1","CDEArapoti","Arapoti","PR","com","nao","IPRTangara","chc",1,"15/12/14",1.6,1.2,"15/16","Arapoti_CDEArapoti_15/16_12_nao_com","Suscetível","Suscetível"
"2","CDEArapoti","Arapoti","PR","com","nao","IPRTuiuiu","p",1,"15/12/14",1.8,1.4,"15/16","Arapoti_CDEArapoti_15/16_12_nao_com","Suscetível","Altamente Suscetível"
"3","CDEArapoti","Arapoti","PR","com","nao","IPRTangara","chc",2,"15/12/14",1.6,1,"15/16","Arapoti_CDEArapoti_15/16_12_nao_com","Suscetível","Suscetível"
"4","CDEArapoti","Arapoti","PR","com","nao","IPRJuriti","chc",2,"15/12/14",1.4,0.4,"15/16","Arapoti_CDEArapoti_15/16_12_nao_com","Suscetível","Tolerante"
"5","CDEArapoti","Arapoti","PR","com","nao","IPRUirapuru","p",2,"15/12/14",1,1.8,"15/16","Arapoti_CDEArapoti_15/16_12_nao_com","Tolerante","Altamente Suscetível"
"6","CDEArapoti","Arapoti","PR","com","nao","IPRTangara","chc",3,"15/12/14",0.6,0.2,"15/16","Arapoti_CDEArapoti_15/16_12_nao_com","Muito Tolerante","Muito Tolerante"
"7","CDEArapoti","Arapoti","PR","com","nao","IPRTangara","chc",4,"15/12/14",0.6,1,"15/16","Arapoti_CDEArapoti_15/16_12_nao_com","Muito Tolerante","Suscetível"
"8","CDEArapoti","Arapoti","PR","com","nao","PR10-4-4/24","p",4,"15/12/14",0.6,1.4,"15/16","Arapoti_CDEArapoti_15/16_12_nao_com","Muito Tolerante","Altamente Suscetível"
"9","CDECastro","Castro","PR","com","nao","45/57-7-3-1/4","chc",1,"16/12/14",0.2,0.1,"15/16","Castro_CDECastro_15/16_12_nao_com","Altamente Tolerante","Muito Tolerante"
"10","CDECastro","Castro","PR","com","nao","ANFc9","chc",1,"16/12/14",0.1,0.3,"15/16","Castro_CDECastro_15/16_12_nao_com","Altamente Tolerante","Muito Tolerante"
"11","CDECastro","Castro","PR","com","nao","BolaCheia","chc",1,"16/12/14",0.1,0.1,"15/16","Castro_CDECastro_15/16_12_nao_com","Altamente Tolerante","Muito Tolerante"
"12","CDECastro","Castro","PR","com","nao","BRSAmetista","chc",1,"16/12/14",0.1,0.1,"15/16","Castro_CDECastro_15/16_12_nao_com","Altamente Tolerante","Muito Tolerante"
"13","CDECastro","Castro","PR","com","nao","BRSEstilo","chc",1,"16/12/14",0.1,0.3,"15/16","Castro_CDECastro_15/16_12_nao_com","Altamente Tolerante","Muito Tolerante"
"14","CDECastro","Castro","PR","com","nao","BRSMGMadreperola","chc",1,"16/12/14",0.2,0.2,"15/16","Castro_CDECastro_15/16_12_nao_com","Altamente Tolerante","Muito Tolerante"
"15","CDECastro","Castro","PR","com","nao","BRSMGMajestoso","chc",1,"16/12/14",0.6,0.1,"15/16","Castro_CDECastro_15/16_12_nao_com","Muito Tolerante","Muito Tolerante"
"16","CDECastro","Castro","PR","com","nao","C10-2-4/41","chc",1,"16/12/14",0.3,0.1,"15/16","Castro_CDECastro_15/16_12_nao_com","Muito Tolerante","Muito Tolerante"
"17","CDECastro","Castro","PR","com","nao","FAPF3RC2-2","chc",1,"16/12/14",0.1,0.1,"15/16","Castro_CDECastro_15/16_12_nao_com","Altamente Tolerante","Muito Tolerante"
"18","CDECastro","Castro","PR","com","nao","IACMilenio","chc",1,"16/12/14",0.1,0.5,"15/16","Castro_CDECastro_15/16_12_nao_com","Altamente Tolerante","Tolerante"
"19","CDECastro","Castro","PR","com","nao","IPRBem-te-vi","chc",1,"16/12/14",0.2,0.3,"15/16","Castro_CDECastro_15/16_12_nao_com","Altamente Tolerante","Muito Tolerante"
"20","CDECastro","Castro","PR","com","nao","IPRUirapuru","p",1,"16/12/14",0.5,0.1,"15/16","Castro_CDECastro_15/16_12_nao_com","Muito Tolerante","Muito Tolerante"
"21","CDECastro","Castro","PR","com","nao","PR10-4-4/24","p",1,"16/12/14",0.1,0.2,"15/16","Castro_CDECastro_15/16_12_nao_com","Altamente Tolerante","Muito Tolerante"
"22","CDECastro","Castro","PR","com","nao","TAADama","chc",1,"16/12/14",0.2,0.2,"15/16","Castro_CDECastro_15/16_12_nao_com","Altamente Tolerante","Muito Tolerante"
"23","CDECastro","Castro","PR","com","nao","UEMAwauna","p",1,"16/12/14",1.2,0.1,"15/16","Castro_CDECastro_15/16_12_nao_com","Tolerante","Muito Tolerante"
"24","CDECastro","Castro","PR","com","nao","UEMFlorDiniz","chc",1,"16/12/14",0.2,0.1,"15/16","Castro_CDECastro_15/16_12_nao_com","Altamente Tolerante","Muito Tolerante"
"25","CDECastro","Castro","PR","com","nao","SelecaoIV","chc",2,"16/12/14",0.2,0.5,"15/16","Castro_CDECastro_15/16_12_nao_com","Altamente Tolerante","Tolerante"
"26","CDECastro","Castro","PR","com","nao","IPRBem-te-vi","chc",2,"16/12/14",0.6,0.5,"15/16","Castro_CDECastro_15/16_12_nao_com","Muito Tolerante","Tolerante"
"27","CDECastro","Castro","PR","com","nao","IPR139","chc",2,"16/12/14",0.8,1.5,"15/16","Castro_CDECastro_15/16_12_nao_com","Tolerante","Altamente Suscetível"
"28","CDECastro","Castro","PR","com","nao","IPRTuiuiu","p",2,"16/12/14",0.2,0.5,"15/16","Castro_CDECastro_15/16_12_nao_com","Altamente Tolerante","Tolerante"
"29","CDECastro","Castro","PR","com","nao","ANFc9","chc",2,"16/12/14",0.2,0.5,"15/16","Castro_CDECastro_15/16_12_nao_com","Altamente Tolerante","Tolerante"
"30","CDECastro","Castro","PR","com","nao","IPRJuriti","chc",2,"16/12/14",0.1,0.5,"15/16","Castro_CDECastro_15/16_12_nao_com","Altamente Tolerante","Tolerante"
"31","CDECastro","Castro","PR","com","nao","BRSMGMadreperola","chc",2,"16/12/14",0.2,0.2,"15/16","Castro_CDECastro_15/16_12_nao_com","Altamente Tolerante","Muito Tolerante"
"32","CDECastro","Castro","PR","com","nao","IACMilenio","chc",2,"16/12/14",0.6,0.5,"15/16","Castro_CDECastro_15/16_12_nao_com","Muito Tolerante","Tolerante"
"33","CDECastro","Castro","PR","com","nao","IACImperador","chc",2,"16/12/14",0.2,0.2,"15/16","Castro_CDECastro_15/16_12_nao_com","Altamente Tolerante","Muito Tolerante"
"34","CDECastro","Castro","PR","com","nao","BRSEstilo","chc",2,"16/12/14",0.1,0.8,"15/16","Castro_CDECastro_15/16_12_nao_com","Altamente Tolerante","Suscetível"
"35","CDECastro","Castro","PR","com","nao","BRSMGMajestoso","chc",2,"16/12/14",0.6,1.5,"15/16","Castro_CDECastro_15/16_12_nao_com","Muito Tolerante","Altamente Suscetível"
"36","CDECastro","Castro","PR","com","nao","FAPF3RC2-2","chc",2,"16/12/14",0.6,0.5,"15/16","Castro_CDECastro_15/16_12_nao_com","Muito Tolerante","Tolerante"
"37","CDECastro","Castro","PR","com","nao","BolaCheia","chc",2,"16/12/14",0.2,1,"15/16","Castro_CDECastro_15/16_12_nao_com","Altamente Tolerante","Suscetível"
"38","CDECastro","Castro","PR","com","nao","IPRUirapuru","p",2,"16/12/14",0.2,1,"15/16","Castro_CDECastro_15/16_12_nao_com","Altamente Tolerante","Suscetível"
"39","CDECastro","Castro","PR","com","nao","BRSEsteio","p",2,"16/12/14",0.8,0.1,"15/16","Castro_CDECastro_15/16_12_nao_com","Tolerante","Muito Tolerante"
"40","CDECastro","Castro","PR","com","nao","UEMFlorDiniz","chc",2,"16/12/14",0.1,0.3,"15/16","Castro_CDECastro_15/16_12_nao_com","Altamente Tolerante","Muito Tolerante"
"41","CDECastro","Castro","PR","com","nao","TAADama","chc",2,"16/12/14",0.5,0.8,"15/16","Castro_CDECastro_15/16_12_nao_com","Muito Tolerante","Suscetível"
"42","CDECastro","Castro","PR","com","nao","IPRBem-te-vi","chc",3,"16/12/14",0.5,0.2,"15/16","Castro_CDECastro_15/16_12_nao_com","Muito Tolerante","Muito Tolerante"
"43","CDECastro","Castro","PR","com","nao","UEMAwauna","p",3,"16/12/14",0.8,0.3,"15/16","Castro_CDECastro_15/16_12_nao_com","Tolerante","Muito Tolerante"
"44","CDECastro","Castro","PR","com","nao","IACImperador","chc",3,"16/12/14",0.1,0.2,"15/16","Castro_CDECastro_15/16_12_nao_com","Altamente Tolerante","Muito Tolerante"
"45","CDECastro","Castro","PR","com","nao","FAPF3RC2-2","chc",3,"16/12/14",0.2,0.5,"15/16","Castro_CDECastro_15/16_12_nao_com","Altamente Tolerante","Tolerante"
"46","CDECastro","Castro","PR","com","nao","BolaCheia","chc",3,"16/12/14",0.4,0.5,"15/16","Castro_CDECastro_15/16_12_nao_com","Muito Tolerante","Tolerante"
"47","CDECastro","Castro","PR","com","nao","C10-2-16/8","chc",3,"16/12/14",0.5,0.3,"15/16","Castro_CDECastro_15/16_12_nao_com","Muito Tolerante","Muito Tolerante"
"48","CDECastro","Castro","PR","com","nao","TAALBA05","chc",3,"16/12/14",0.6,0.2,"15/16","Castro_CDECastro_15/16_12_nao_com","Muito Tolerante","Muito Tolerante"
"49","CDECastro","Castro","PR","com","nao","ANFc9","chc",3,"16/12/14",0.4,0.5,"15/16","Castro_CDECastro_15/16_12_nao_com","Muito Tolerante","Tolerante"
"50","CDECastro","Castro","PR","com","nao","SelecaoIV","chc",3,"16/12/14",0.1,1.5,"15/16","Castro_CDECastro_15/16_12_nao_com","Altamente Tolerante","Altamente Suscetível"
"51","CDECastro","Castro","PR","com","nao","TAADama","chc",3,"16/12/14",0.4,0.2,"15/16","Castro_CDECastro_15/16_12_nao_com","Muito Tolerante","Muito Tolerante"
"52","CDECastro","Castro","PR","com","nao","UEMFlorDiniz","chc",3,"16/12/14",0.6,0.3,"15/16","Castro_CDECastro_15/16_12_nao_com","Muito Tolerante","Muito Tolerante"
"53","CDECastro","Castro","PR","com","nao","IACMilenio","chc",3,"16/12/14",0.2,0.2,"15/16","Castro_CDECastro_15/16_12_nao_com","Altamente Tolerante","Muito Tolerante"
"54","CDECastro","Castro","PR","com","nao","C10-2-4/41","chc",3,"16/12/14",0.6,0.1,"15/16","Castro_CDECastro_15/16_12_nao_com","Muito Tolerante","Muito Tolerante"
"55","CDECastro","Castro","PR","com","nao","IPRJuriti","chc",3,"16/12/14",0.1,0.1,"15/16","Castro_CDECastro_15/16_12_nao_com","Altamente Tolerante","Muito Tolerante"
"56","CDECastro","Castro","PR","com","nao","BRSMGMadreperola","chc",3,"16/12/14",0.2,0.2,"15/16","Castro_CDECastro_15/16_12_nao_com","Altamente Tolerante","Muito Tolerante"
"57","CDECastro","Castro","PR","com","nao","BRSMGMajestoso","chc",3,"16/12/14",0.8,0.6,"15/16","Castro_CDECastro_15/16_12_nao_com","Tolerante","Tolerante"
"58","CDECastro","Castro","PR","com","nao","FAP-F3-2","chc",4,"16/12/14",0.1,1.5,"15/16","Castro_CDECastro_15/16_12_nao_com","Altamente Tolerante","Altamente Suscetível"
"59","CDECastro","Castro","PR","com","nao","IPRTuiuiu","p",4,"16/12/14",0.1,0.2,"15/16","Castro_CDECastro_15/16_12_nao_com","Altamente Tolerante","Muito Tolerante"
"60","CDECastro","Castro","PR","com","nao","BRSEstilo","chc",4,"16/12/14",0.2,1,"15/16","Castro_CDECastro_15/16_12_nao_com","Altamente Tolerante","Suscetível"
"61","CDECastro","Castro","PR","com","nao","C10-2-16/8","chc",4,"16/12/14",0.3,0.1,"15/16","Castro_CDECastro_15/16_12_nao_com","Muito Tolerante","Muito Tolerante"
"62","CDECastro","Castro","PR","com","nao","IACMilenio","chc",4,"16/12/14",0.2,0.3,"15/16","Castro_CDECastro_15/16_12_nao_com","Altamente Tolerante","Muito Tolerante"
"63","CDECastro","Castro","PR","com","nao","BRSMGMajestoso","chc",4,"16/12/14",1.5,0.1,"15/16","Castro_CDECastro_15/16_12_nao_com","Suscetível","Muito Tolerante"
"64","CDECastro","Castro","PR","com","nao","TAALBA05","chc",4,"16/12/14",0.6,1,"15/16","Castro_CDECastro_15/16_12_nao_com","Muito Tolerante","Suscetível"
"65","CDECastro","Castro","PR","com","nao","UEMAwauna","p",4,"16/12/14",0.8,1.2,"15/16","Castro_CDECastro_15/16_12_nao_com","Tolerante","Suscetível"
"66","CDECastro","Castro","PR","com","nao","45/57-7-3-1/4","chc",4,"16/12/14",0.2,0.3,"15/16","Castro_CDECastro_15/16_12_nao_com","Altamente Tolerante","Muito Tolerante"
"67","CDECastro","Castro","PR","com","nao","FAPF3RC2-2","chc",4,"16/12/14",0.3,1,"15/16","Castro_CDECastro_15/16_12_nao_com","Muito Tolerante","Suscetível"
"68","CDECastro","Castro","PR","com","nao","IPRBem-te-vi","chc",4,"16/12/14",0.6,0.2,"15/16","Castro_CDECastro_15/16_12_nao_com","Muito Tolerante","Muito Tolerante"
"69","CDECastro","Castro","PR","com","nao","TAADama","chc",4,"16/12/14",0.6,0.2,"15/16","Castro_CDECastro_15/16_12_nao_com","Muito Tolerante","Muito Tolerante"
"70","CDECastro","Castro","PR","com","nao","IPRTangara","chc",4,"16/12/14",0.2,0.2,"15/16","Castro_CDECastro_15/16_12_nao_com","Altamente Tolerante","Muito Tolerante"
"71","CDECastro","Castro","PR","com","nao","ANFc9","chc",4,"16/12/14",0.2,0.8,"15/16","Castro_CDECastro_15/16_12_nao_com","Altamente Tolerante","Suscetível"
"72","CDECastro","Castro","PR","com","nao","IPRUirapuru","p",4,"16/12/14",1,0.8,"15/16","Castro_CDECastro_15/16_12_nao_com","Tolerante","Suscetível"
"73","CDECastro","Castro","PR","com","nao","SelecaoIV","chc",4,"16/12/14",0.4,0.2,"15/16","Castro_CDECastro_15/16_12_nao_com","Muito Tolerante","Muito Tolerante"
"74","CDEArapoti","Arapoti","PR","com","nao","49/61-1/2","chc",1,"14/12/15",1,1.6,"15/16","Arapoti_CDEArapoti_15/16_12_nao_com","Tolerante","Altamente Suscetível"
"75","CDEArapoti","Arapoti","PR","com","nao","BolaCheia","chc",1,"14/12/15",0.8,1.8,"15/16","Arapoti_CDEArapoti_15/16_12_nao_com","Tolerante","Altamente Suscetível"
"76","CDEArapoti","Arapoti","PR","com","nao","BRSFC402","chc",1,"14/12/15",0.4,0.8,"15/16","Arapoti_CDEArapoti_15/16_12_nao_com","Muito Tolerante","Suscetível"
"77","CDEArapoti","Arapoti","PR","com","nao","IPRBem-te-vi","chc",1,"14/12/15",1.2,1.4,"15/16","Arapoti_CDEArapoti_15/16_12_nao_com","Tolerante","Altamente Suscetível"
"78","CDEArapoti","Arapoti","PR","com","nao","IPRQuero-quero","chc",1,"14/12/15",0.2,1.4,"15/16","Arapoti_CDEArapoti_15/16_12_nao_com","Altamente Tolerante","Altamente Suscetível"
"79","CDEArapoti","Arapoti","PR","com","nao","BRSFC402","chc",2,"14/12/15",0.4,1,"15/16","Arapoti_CDEArapoti_15/16_12_nao_com","Muito Tolerante","Suscetível"
"80","CDEArapoti","Arapoti","PR","com","nao","BRSFC402","chc",3,"14/12/15",0.6,1.4,"15/16","Arapoti_CDEArapoti_15/16_12_nao_com","Muito Tolerante","Altamente Suscetível"
"81","CDEArapoti","Arapoti","PR","com","nao","TAALBA08","chc",3,"14/12/15",0.4,1.6,"15/16","Arapoti_CDEArapoti_15/16_12_nao_com","Muito Tolerante","Altamente Suscetível"
"82","CDEArapoti","Arapoti","PR","com","nao","IPRQuero-quero","chc",3,"14/12/15",0.4,1.2,"15/16","Arapoti_CDEArapoti_15/16_12_nao_com","Muito Tolerante","Suscetível"
"83","CDEArapoti","Arapoti","PR","com","nao","45/57-7-3-1/4","chc",4,"14/12/15",1.2,1.2,"15/16","Arapoti_CDEArapoti_15/16_12_nao_com","Tolerante","Suscetível"
"84","CDEArapoti","Arapoti","PR","com","nao","BRSEsteio","p",4,"14/12/15",0.6,1.8,"15/16","Arapoti_CDEArapoti_15/16_12_nao_com","Muito Tolerante","Altamente Suscetível"
"85","CDEArapoti","Arapoti","PR","com","nao","TAALBA08","chc",4,"14/12/15",0.8,1.2,"15/16","Arapoti_CDEArapoti_15/16_12_nao_com","Tolerante","Suscetível"
"86","CDEArapoti","Arapoti","PR","com","nao","ANFc9","chc",2,"22/12/16",1,0.2,"16/17","Arapoti_CDEArapoti_16/17_12_nao_com","Tolerante","Muito Tolerante"
"87","CDEArapoti","Arapoti","PR","com","nao","ANFc9","chc",1,"22/12/16",0.1,0.6,"16/17","Arapoti_CDEArapoti_16/17_12_nao_com","Altamente Tolerante","Tolerante"
"88","CDEArapoti","Arapoti","PR","com","nao","ANFc9","chc",3,"22/12/16",0.5,0.8,"16/17","Arapoti_CDEArapoti_16/17_12_nao_com","Muito Tolerante","Suscetível"
"89","CDEArapoti","Arapoti","PR","com","nao","ANFc9","chc",4,"22/12/16",0.3,1,"16/17","Arapoti_CDEArapoti_16/17_12_nao_com","Muito Tolerante","Suscetível"
"90","CDEArapoti","Arapoti","PR","com","nao","ANFp110","p",2,"22/12/16",1.5,1,"16/17","Arapoti_CDEArapoti_16/17_12_nao_com","Suscetível","Suscetível"
"91","CDEArapoti","Arapoti","PR","com","nao","ANFp110","p",1,"22/12/16",0.3,1.2,"16/17","Arapoti_CDEArapoti_16/17_12_nao_com","Muito Tolerante","Suscetível"
"92","CDEArapoti","Arapoti","PR","com","nao","ANFp110","p",3,"22/12/16",0.2,1.6,"16/17","Arapoti_CDEArapoti_16/17_12_nao_com","Altamente Tolerante","Altamente Suscetível"
"93","CDEArapoti","Arapoti","PR","com","nao","ANFp110","p",4,"22/12/16",1.5,1.8,"16/17","Arapoti_CDEArapoti_16/17_12_nao_com","Suscetível","Altamente Suscetível"
"94","CDEArapoti","Arapoti","PR","com","nao","BRSEsplendor","p",4,"22/12/16",0.1,0.4,"16/17","Arapoti_CDEArapoti_16/17_12_nao_com","Altamente Tolerante","Tolerante"
"95","CDEArapoti","Arapoti","PR","com","nao","BRSEsplendor","p",3,"22/12/16",0.1,1.2,"16/17","Arapoti_CDEArapoti_16/17_12_nao_com","Altamente Tolerante","Suscetível"
"96","CDEArapoti","Arapoti","PR","com","nao","BRSEsplendor","p",1,"22/12/16",0,1.4,"16/17","Arapoti_CDEArapoti_16/17_12_nao_com","Altamente Tolerante","Altamente Suscetível"
"97","CDEArapoti","Arapoti","PR","com","nao","BRSEsteio","p",1,"22/12/16",0.3,0.2,"16/17","Arapoti_CDEArapoti_16/17_12_nao_com","Muito Tolerante","Muito Tolerante"
"98","CDEArapoti","Arapoti","PR","com","nao","BRSEsteio","p",4,"22/12/16",0.2,0.6,"16/17","Arapoti_CDEArapoti_16/17_12_nao_com","Altamente Tolerante","Tolerante"
"99","CDEArapoti","Arapoti","PR","com","nao","BRSEstilo","chc",1,"22/12/16",0.5,0.2,"16/17","Arapoti_CDEArapoti_16/17_12_nao_com","Muito Tolerante","Muito Tolerante"
"100","CDEArapoti","Arapoti","PR","com","nao","BRSEstilo","chc",3,"22/12/16",0.1,0.4,"16/17","Arapoti_CDEArapoti_16/17_12_nao_com","Altamente Tolerante","Tolerante"
"101","CDEArapoti","Arapoti","PR","com","nao","BRSEstilo","chc",4,"22/12/16",0.1,0.4,"16/17","Arapoti_CDEArapoti_16/17_12_nao_com","Altamente Tolerante","Tolerante"
"102","CDEArapoti","Arapoti","PR","com","nao","BRSEstilo","chc",2,"22/12/16",0.3,0.8,"16/17","Arapoti_CDEArapoti_16/17_12_nao_com","Muito Tolerante","Suscetível"
"103","CDEArapoti","Arapoti","PR","com","nao","BRSFC402","chc",3,"22/12/16",1.5,0.2,"16/17","Arapoti_CDEArapoti_16/17_12_nao_com","Suscetível","Muito Tolerante"
"104","CDEArapoti","Arapoti","PR","com","nao","BRSMGMadreperola","chc",2,"22/12/16",0.1,0.4,"16/17","Arapoti_CDEArapoti_16/17_12_nao_com","Altamente Tolerante","Tolerante"
"105","CDEArapoti","Arapoti","PR","com","nao","BRSSublime","chc",1,"22/12/16",0.2,0.2,"16/17","Arapoti_CDEArapoti_16/17_12_nao_com","Altamente Tolerante","Muito Tolerante"
"106","CDEArapoti","Arapoti","PR","com","nao","BRSSublime","chc",4,"22/12/16",1.5,0.4,"16/17","Arapoti_CDEArapoti_16/17_12_nao_com","Suscetível","Tolerante"
"107","CDEArapoti","Arapoti","PR","com","nao","IACMilenio","chc",4,"22/12/16",1,0.2,"16/17","Arapoti_CDEArapoti_16/17_12_nao_com","Tolerante","Muito Tolerante"
"108","CDEArapoti","Arapoti","PR","com","nao","IACNetuno","p",2,"22/12/16",0,0.2,"16/17","Arapoti_CDEArapoti_16/17_12_nao_com","Altamente Tolerante","Muito Tolerante"
"109","CDEArapoti","Arapoti","PR","com","nao","IACNetuno","p",3,"22/12/16",0,0.2,"16/17","Arapoti_CDEArapoti_16/17_12_nao_com","Altamente Tolerante","Muito Tolerante"
"110","CDEArapoti","Arapoti","PR","com","nao","IACNetuno","p",4,"22/12/16",0,0.2,"16/17","Arapoti_CDEArapoti_16/17_12_nao_com","Altamente Tolerante","Muito Tolerante"
"111","CDEArapoti","Arapoti","PR","com","nao","IACSintonia","chc",2,"22/12/16",0.2,0.6,"16/17","Arapoti_CDEArapoti_16/17_12_nao_com","Altamente Tolerante","Tolerante"
"112","CDEArapoti","Arapoti","PR","com","nao","IACSintonia","chc",4,"22/12/16",0.1,0.8,"16/17","Arapoti_CDEArapoti_16/17_12_nao_com","Altamente Tolerante","Suscetível"
"113","CDEArapoti","Arapoti","PR","com","nao","IACSintonia","chc",3,"22/12/16",0,1,"16/17","Arapoti_CDEArapoti_16/17_12_nao_com","Altamente Tolerante","Suscetível"
"114","CDEArapoti","Arapoti","PR","com","nao","IACSintonia","chc",1,"22/12/16",0,1.8,"16/17","Arapoti_CDEArapoti_16/17_12_nao_com","Altamente Tolerante","Altamente Suscetível"
"115","CDEArapoti","Arapoti","PR","com","nao","ImperadorVermelho","chc",4,"22/12/16",1.2,0.2,"16/17","Arapoti_CDEArapoti_16/17_12_nao_com","Tolerante","Muito Tolerante"
"116","CDEArapoti","Arapoti","PR","com","nao","ImperadorVermelho","chc",3,"22/12/16",0.2,0.6,"16/17","Arapoti_CDEArapoti_16/17_12_nao_com","Altamente Tolerante","Tolerante"
"117","CDEArapoti","Arapoti","PR","com","nao","GEN45-2F-293P","chc",1,"22/12/16",0.2,0.2,"16/17","Arapoti_CDEArapoti_16/17_12_nao_com","Altamente Tolerante","Muito Tolerante"
"118","CDEArapoti","Arapoti","PR","com","nao","GEN45-2F-293P","chc",3,"22/12/16",0.5,0.4,"16/17","Arapoti_CDEArapoti_16/17_12_nao_com","Muito Tolerante","Tolerante"
"119","CDEArapoti","Arapoti","PR","com","nao","GEN45-2F-293P","chc",4,"22/12/16",0.8,0.4,"16/17","Arapoti_CDEArapoti_16/17_12_nao_com","Tolerante","Tolerante"
"120","CDEArapoti","Arapoti","PR","com","nao","GEN107-14A-336","chc",3,"22/12/16",0.1,0.2,"16/17","Arapoti_CDEArapoti_16/17_12_nao_com","Altamente Tolerante","Muito Tolerante"
"121","CDEArapoti","Arapoti","PR","com","nao","GEN107-14A-336","chc",2,"22/12/16",0,0.4,"16/17","Arapoti_CDEArapoti_16/17_12_nao_com","Altamente Tolerante","Tolerante"
"122","CDEArapoti","Arapoti","PR","com","nao","GEN125-20A-520","chc",2,"22/12/16",0.2,0.2,"16/17","Arapoti_CDEArapoti_16/17_12_nao_com","Altamente Tolerante","Muito Tolerante"
"123","CDEArapoti","Arapoti","PR","com","nao","GEN125-20A-520","chc",4,"22/12/16",0.3,0.4,"16/17","Arapoti_CDEArapoti_16/17_12_nao_com","Muito Tolerante","Tolerante"
"124","CDEArapoti","Arapoti","PR","com","nao","GEN125-20A-520","chc",3,"22/12/16",0.5,0.4,"16/17","Arapoti_CDEArapoti_16/17_12_nao_com","Muito Tolerante","Tolerante"
"125","CDEArapoti","Arapoti","PR","com","nao","GEN90-4A-160","chc",4,"22/12/16",0,0.2,"16/17","Arapoti_CDEArapoti_16/17_12_nao_com","Altamente Tolerante","Muito Tolerante"
"126","CDEArapoti","Arapoti","PR","com","nao","GEN90-4A-160","chc",2,"22/12/16",0.1,0.2,"16/17","Arapoti_CDEArapoti_16/17_12_nao_com","Altamente Tolerante","Muito Tolerante"
"127","CDEArapoti","Arapoti","PR","com","nao","GEN90-4A-160","chc",1,"22/12/16",0.8,0.4,"16/17","Arapoti_CDEArapoti_16/17_12_nao_com","Tolerante","Tolerante"
"128","CDEArapoti","Arapoti","PR","com","nao","IPRBem-te-vi","chc",1,"22/12/16",0.3,0.2,"16/17","Arapoti_CDEArapoti_16/17_12_nao_com","Muito Tolerante","Muito Tolerante"
"129","CDEArapoti","Arapoti","PR","com","nao","IPRCamposGerais","chc",2,"22/12/16",1,0.2,"16/17","Arapoti_CDEArapoti_16/17_12_nao_com","Tolerante","Muito Tolerante"
"130","CDEArapoti","Arapoti","PR","com","nao","IPRCamposGerais","chc",3,"22/12/16",1,0.2,"16/17","Arapoti_CDEArapoti_16/17_12_nao_com","Tolerante","Muito Tolerante"
"131","CDEArapoti","Arapoti","PR","com","nao","IPRCamposGerais","chc",4,"22/12/16",1.5,0.2,"16/17","Arapoti_CDEArapoti_16/17_12_nao_com","Suscetível","Muito Tolerante"
"132","CDEArapoti","Arapoti","PR","com","nao","IPRNhambu","p",3,"22/12/16",0.1,1,"16/17","Arapoti_CDEArapoti_16/17_12_nao_com","Altamente Tolerante","Suscetível"
"133","CDEArapoti","Arapoti","PR","com","nao","IPRNhambu","p",1,"22/12/16",0.1,1.2,"16/17","Arapoti_CDEArapoti_16/17_12_nao_com","Altamente Tolerante","Suscetível"
"134","CDEArapoti","Arapoti","PR","com","nao","IPRNhambu","p",2,"22/12/16",0.1,1.2,"16/17","Arapoti_CDEArapoti_16/17_12_nao_com","Altamente Tolerante","Suscetível"
"135","CDEArapoti","Arapoti","PR","com","nao","IPRQuero-quero","chc",2,"22/12/16",0,0.2,"16/17","Arapoti_CDEArapoti_16/17_12_nao_com","Altamente Tolerante","Muito Tolerante"
"136","CDEArapoti","Arapoti","PR","com","nao","IPRQuero-quero","chc",3,"22/12/16",0.1,0.2,"16/17","Arapoti_CDEArapoti_16/17_12_nao_com","Altamente Tolerante","Muito Tolerante"
"137","CDEArapoti","Arapoti","PR","com","nao","IPRTangara","chc",4,"22/12/16",0.5,0.4,"16/17","Arapoti_CDEArapoti_16/17_12_nao_com","Muito Tolerante","Tolerante"
"138","CDEArapoti","Arapoti","PR","com","nao","IPRTangara","chc",2,"22/12/16",0.1,0.6,"16/17","Arapoti_CDEArapoti_16/17_12_nao_com","Altamente Tolerante","Tolerante"
"139","CDEArapoti","Arapoti","PR","com","nao","IPRTangara","chc",3,"22/12/16",0.2,0.6,"16/17","Arapoti_CDEArapoti_16/17_12_nao_com","Altamente Tolerante","Tolerante"
"140","CDEArapoti","Arapoti","PR","com","nao","IPRTuiuiu","p",1,"22/12/16",0,0.2,"16/17","Arapoti_CDEArapoti_16/17_12_nao_com","Altamente Tolerante","Muito Tolerante"
"141","CDEArapoti","Arapoti","PR","com","nao","IPRTuiuiu","p",2,"22/12/16",0.1,0.2,"16/17","Arapoti_CDEArapoti_16/17_12_nao_com","Altamente Tolerante","Muito Tolerante"
"142","CDEArapoti","Arapoti","PR","com","nao","IPRTuiuiu","p",4,"22/12/16",0.5,0.4,"16/17","Arapoti_CDEArapoti_16/17_12_nao_com","Muito Tolerante","Tolerante"
"143","CDEArapoti","Arapoti","PR","com","nao","IPRTuiuiu","p",3,"22/12/16",0.5,0.6,"16/17","Arapoti_CDEArapoti_16/17_12_nao_com","Muito Tolerante","Tolerante"
"144","CDEArapoti","Arapoti","PR","com","nao","IPRUirapuru","p",4,"22/12/16",0.1,0.2,"16/17","Arapoti_CDEArapoti_16/17_12_nao_com","Altamente Tolerante","Muito Tolerante"
"145","CDEArapoti","Arapoti","PR","com","nao","IPRUirapuru","p",1,"22/12/16",0.1,0.6,"16/17","Arapoti_CDEArapoti_16/17_12_nao_com","Altamente Tolerante","Tolerante"
"146","CDEArapoti","Arapoti","PR","com","nao","IPRUirapuru","p",2,"22/12/16",0.1,0.8,"16/17","Arapoti_CDEArapoti_16/17_12_nao_com","Altamente Tolerante","Suscetível"
"147","CDEArapoti","Arapoti","PR","com","nao","BolaCheia","chc",2,"22/12/16",0.1,0.4,"16/17","Arapoti_CDEArapoti_16/17_12_nao_com","Altamente Tolerante","Tolerante"
"148","CDEArapoti","Arapoti","PR","com","nao","BolaCheia","chc",4,"22/12/16",0.5,0.4,"16/17","Arapoti_CDEArapoti_16/17_12_nao_com","Muito Tolerante","Tolerante"
"149","CDEArapoti","Arapoti","PR","com","nao","BolaCheia","chc",1,"22/12/16",0.1,0.6,"16/17","Arapoti_CDEArapoti_16/17_12_nao_com","Altamente Tolerante","Tolerante"
"150","CDEArapoti","Arapoti","PR","com","nao","TAADama","chc",2,"22/12/16",0.5,0.4,"16/17","Arapoti_CDEArapoti_16/17_12_nao_com","Muito Tolerante","Tolerante"
"151","CDEArapoti","Arapoti","PR","com","nao","TAADama","chc",4,"22/12/16",0.5,0.4,"16/17","Arapoti_CDEArapoti_16/17_12_nao_com","Muito Tolerante","Tolerante"
"152","CDEArapoti","Arapoti","PR","com","nao","TAADama","chc",3,"22/12/16",1,0.4,"16/17","Arapoti_CDEArapoti_16/17_12_nao_com","Tolerante","Tolerante"
"153","CDEArapoti","Arapoti","PR","com","nao","UEMFlorDiniz","chc",3,"22/12/16",1.5,0.2,"16/17","Arapoti_CDEArapoti_16/17_12_nao_com","Suscetível","Muito Tolerante"
"154","CDEArapoti","Arapoti","PR","com","nao","UEMFlorDiniz","chc",2,"22/12/16",0.3,0.8,"16/17","Arapoti_CDEArapoti_16/17_12_nao_com","Muito Tolerante","Suscetível"
"155","CDEArapoti","Arapoti","PR","com","nao","SCS205Riqueza","chc",3,"22/12/16",0.3,0.2,"16/17","Arapoti_CDEArapoti_16/17_12_nao_com","Muito Tolerante","Muito Tolerante"
"156","CDEArapoti","Arapoti","PR","com","nao","SCS205Riqueza","chc",4,"22/12/16",0.5,0.2,"16/17","Arapoti_CDEArapoti_16/17_12_nao_com","Muito Tolerante","Muito Tolerante"
"157","CDEArapoti","Arapoti","PR","com","nao","SCS205Riqueza","chc",1,"22/12/16",1,0.2,"16/17","Arapoti_CDEArapoti_16/17_12_nao_com","Tolerante","Muito Tolerante"
"158","CDEArapoti","Arapoti","PR","com","nao","SCS204Predileto","p",1,"22/12/16",0.3,0.2,"16/17","Arapoti_CDEArapoti_16/17_12_nao_com","Muito Tolerante","Muito Tolerante"
"159","CDEArapoti","Arapoti","PR","com","nao","SCS204Predileto","p",4,"22/12/16",1.5,0.4,"16/17","Arapoti_CDEArapoti_16/17_12_nao_com","Suscetível","Tolerante"
"160","CDEArapoti","Arapoti","PR","com","nao","BolaCheia","chc",1,"15/12/17",1.5,1.5,"17/18","Arapoti_CDEArapoti_17/18_12_nao_com","Suscetível","Altamente Suscetível"
"161","CDEArapoti","Arapoti","PR","com","nao","BRSCampeiro","p",1,"15/12/17",1,0.4,"17/18","Arapoti_CDEArapoti_17/18_12_nao_com","Tolerante","Tolerante"
"162","CDEArapoti","Arapoti","PR","com","nao","BRSEstilo","chc",1,"15/12/17",1.5,1,"17/18","Arapoti_CDEArapoti_17/18_12_nao_com","Suscetível","Suscetível"
"163","CDEArapoti","Arapoti","PR","com","nao","IACMilenio","chc",1,"15/12/17",1.5,1,"17/18","Arapoti_CDEArapoti_17/18_12_nao_com","Suscetível","Suscetível"
"164","CDEArapoti","Arapoti","PR","com","nao","IACNetuno","p",1,"15/12/17",0.5,1.5,"17/18","Arapoti_CDEArapoti_17/18_12_nao_com","Muito Tolerante","Altamente Suscetível"
"165","CDEArapoti","Arapoti","PR","com","nao","IPRQuero-quero","chc",1,"15/12/17",0.5,0.2,"17/18","Arapoti_CDEArapoti_17/18_12_nao_com","Muito Tolerante","Muito Tolerante"
"166","CDEArapoti","Arapoti","PR","com","nao","IPRSabia","chc",1,"15/12/17",0.5,0.4,"17/18","Arapoti_CDEArapoti_17/18_12_nao_com","Muito Tolerante","Tolerante"
"167","CDEArapoti","Arapoti","PR","com","nao","IPRTuiuiu","p",1,"15/12/17",0.5,1,"17/18","Arapoti_CDEArapoti_17/18_12_nao_com","Muito Tolerante","Suscetível"
"168","CDEArapoti","Arapoti","PR","com","nao","IPRUirapuru","p",1,"15/12/17",1,0.5,"17/18","Arapoti_CDEArapoti_17/18_12_nao_com","Tolerante","Tolerante"
"169","CDEArapoti","Arapoti","PR","com","nao","SCS204Predileto","p",1,"15/12/17",0.8,0.5,"17/18","Arapoti_CDEArapoti_17/18_12_nao_com","Tolerante","Tolerante"
"170","CDEArapoti","Arapoti","PR","com","nao","TAA01","p",1,"15/12/17",0.1,0.4,"17/18","Arapoti_CDEArapoti_17/18_12_nao_com","Altamente Tolerante","Tolerante"
"171","CDEArapoti","Arapoti","PR","com","nao","TAA02","p",1,"15/12/17",1,1,"17/18","Arapoti_CDEArapoti_17/18_12_nao_com","Tolerante","Suscetível"
"172","CDEArapoti","Arapoti","PR","com","nao","BRSFP403","p",2,"15/12/17",1.5,0.5,"17/18","Arapoti_CDEArapoti_17/18_12_nao_com","Suscetível","Tolerante"
"173","CDEArapoti","Arapoti","PR","com","nao","IPRUrutau","p",2,"15/12/17",0.8,0.2,"17/18","Arapoti_CDEArapoti_17/18_12_nao_com","Tolerante","Muito Tolerante"
"174","CDEArapoti","Arapoti","PR","com","nao","Linhagem110","chc",2,"15/12/17",0.8,0.8,"17/18","Arapoti_CDEArapoti_17/18_12_nao_com","Tolerante","Suscetível"
"175","CDEArapoti","Arapoti","PR","com","nao","TAA01","p",2,"15/12/17",0.2,1,"17/18","Arapoti_CDEArapoti_17/18_12_nao_com","Altamente Tolerante","Suscetível"
"176","CDEArapoti","Arapoti","PR","com","nao","IACMilenio","chc",2,"15/12/17",0.8,0.8,"17/18","Arapoti_CDEArapoti_17/18_12_nao_com","Tolerante","Suscetível"
"177","CDEArapoti","Arapoti","PR","com","nao","IPRTuiuiu","p",3,"15/12/17",1.5,0.5,"17/18","Arapoti_CDEArapoti_17/18_12_nao_com","Suscetível","Tolerante"
"178","CDEArapoti","Arapoti","PR","com","nao","IACMilenio","chc",3,"15/12/17",0.8,0.5,"17/18","Arapoti_CDEArapoti_17/18_12_nao_com","Tolerante","Tolerante"
"179","CDEArapoti","Arapoti","PR","com","nao","BRSCampeiro","p",3,"15/12/17",0.2,1.5,"17/18","Arapoti_CDEArapoti_17/18_12_nao_com","Altamente Tolerante","Altamente Suscetível"
"180","CDEArapoti","Arapoti","PR","com","nao","TAA01","p",3,"15/12/17",0.2,1,"17/18","Arapoti_CDEArapoti_17/18_12_nao_com","Altamente Tolerante","Suscetível"
"181","CDEArapoti","Arapoti","PR","com","nao","IPRUirapuru","p",3,"15/12/17",0.1,0.5,"17/18","Arapoti_CDEArapoti_17/18_12_nao_com","Altamente Tolerante","Tolerante"
"182","CDEArapoti","Arapoti","PR","com","nao","IPRSabia","chc",3,"15/12/17",1,0.5,"17/18","Arapoti_CDEArapoti_17/18_12_nao_com","Tolerante","Tolerante"
"183","CDEArapoti","Arapoti","PR","com","nao","BRSFP403","p",3,"15/12/17",1.5,1,"17/18","Arapoti_CDEArapoti_17/18_12_nao_com","Suscetível","Suscetível"
"184","CDEArapoti","Arapoti","PR","com","nao","IACMilenio","chc",4,"15/12/17",0.8,1.5,"17/18","Arapoti_CDEArapoti_17/18_12_nao_com","Tolerante","Altamente Suscetível"
"185","CDEArapoti","Arapoti","PR","com","nao","BRSEsplendor","p",4,"15/12/17",1,1.5,"17/18","Arapoti_CDEArapoti_17/18_12_nao_com","Tolerante","Altamente Suscetível"
"186","CDEArapoti","Arapoti","PR","com","nao","IPRSabia","chc",4,"15/12/17",0.8,0.2,"17/18","Arapoti_CDEArapoti_17/18_12_nao_com","Tolerante","Muito Tolerante"
"187","CDEArapoti","Arapoti","PR","com","nao","IPRTuiuiu","p",4,"15/12/17",0.5,0.3,"17/18","Arapoti_CDEArapoti_17/18_12_nao_com","Muito Tolerante","Muito Tolerante"
"188","CDEArapoti","Arapoti","PR","com","nao","IPRQuero-quero","chc",4,"15/12/17",0.8,1,"17/18","Arapoti_CDEArapoti_17/18_12_nao_com","Tolerante","Suscetível"
"189","CDEArapoti","Arapoti","PR","com","nao","ANFc5","chc",1,"17/12/19",1.5,0.1,"18/19","Arapoti_CDEArapoti_18/19_12_nao_com","Suscetível","Muito Tolerante"
"190","CDEArapoti","Arapoti","PR","com","nao","ANFc9","chc",1,"17/12/19",1,0.2,"18/19","Arapoti_CDEArapoti_18/19_12_nao_com","Tolerante","Muito Tolerante"
"191","CDEArapoti","Arapoti","PR","com","nao","BolaCheia","chc",1,"17/12/19",0.8,0.1,"18/19","Arapoti_CDEArapoti_18/19_12_nao_com","Tolerante","Muito Tolerante"
"192","CDEArapoti","Arapoti","PR","com","nao","BRSEsteio","p",1,"17/12/19",0.2,0,"18/19","Arapoti_CDEArapoti_18/19_12_nao_com","Altamente Tolerante","Altamente Tolerante"
"193","CDEArapoti","Arapoti","PR","com","nao","BRSEstilo","chc",1,"17/12/19",0.2,0.8,"18/19","Arapoti_CDEArapoti_18/19_12_nao_com","Altamente Tolerante","Suscetível"
"194","CDEArapoti","Arapoti","PR","com","nao","BRSFC402","chc",1,"17/12/19",0.4,0,"18/19","Arapoti_CDEArapoti_18/19_12_nao_com","Muito Tolerante","Altamente Tolerante"
"195","CDEArapoti","Arapoti","PR","com","nao","BRSFP403","p",1,"17/12/19",0.1,0,"18/19","Arapoti_CDEArapoti_18/19_12_nao_com","Altamente Tolerante","Altamente Tolerante"
"196","CDEArapoti","Arapoti","PR","com","nao","BRSMGMadreperola","chc",1,"17/12/19",0.1,0,"18/19","Arapoti_CDEArapoti_18/19_12_nao_com","Altamente Tolerante","Altamente Tolerante"
"197","CDEArapoti","Arapoti","PR","com","nao","BRSMGUai","chc",1,"17/12/19",0.2,0.1,"18/19","Arapoti_CDEArapoti_18/19_12_nao_com","Altamente Tolerante","Muito Tolerante"
"198","CDEArapoti","Arapoti","PR","com","nao","IAC1850","chc",1,"17/12/19",0.2,0,"18/19","Arapoti_CDEArapoti_18/19_12_nao_com","Altamente Tolerante","Altamente Tolerante"
"199","CDEArapoti","Arapoti","PR","com","nao","IACNuance","ra",1,"17/12/19",0.2,0.2,"18/19","Arapoti_CDEArapoti_18/19_12_nao_com","Altamente Tolerante","Muito Tolerante"
"200","CDEArapoti","Arapoti","PR","com","nao","IACVeloz","p",1,"17/12/19",0.8,0.1,"18/19","Arapoti_CDEArapoti_18/19_12_nao_com","Tolerante","Muito Tolerante"
"201","CDEArapoti","Arapoti","PR","com","nao","IPRBem-te-vi","chc",1,"17/12/19",0.3,0.5,"18/19","Arapoti_CDEArapoti_18/19_12_nao_com","Muito Tolerante","Tolerante"
"202","CDEArapoti","Arapoti","PR","com","nao","IPRCamposGerais","chc",1,"17/12/19",0.4,0,"18/19","Arapoti_CDEArapoti_18/19_12_nao_com","Muito Tolerante","Altamente Tolerante"
"203","CDEArapoti","Arapoti","PR","com","nao","IPRCeleiro","chc",1,"17/12/19",0.1,0,"18/19","Arapoti_CDEArapoti_18/19_12_nao_com","Altamente Tolerante","Altamente Tolerante"
"204","CDEArapoti","Arapoti","PR","com","nao","IPRQuero-quero","chc",1,"17/12/19",0.3,0,"18/19","Arapoti_CDEArapoti_18/19_12_nao_com","Muito Tolerante","Altamente Tolerante"
"205","CDEArapoti","Arapoti","PR","com","nao","IPRSabia","chc",1,"17/12/19",0.4,0.8,"18/19","Arapoti_CDEArapoti_18/19_12_nao_com","Muito Tolerante","Suscetível"
"206","CDEArapoti","Arapoti","PR","com","nao","IPRTangara","chc",1,"17/12/19",0.8,0.2,"18/19","Arapoti_CDEArapoti_18/19_12_nao_com","Tolerante","Muito Tolerante"
"207","CDEArapoti","Arapoti","PR","com","nao","IPRTuiuiu","p",1,"17/12/19",0.5,0,"18/19","Arapoti_CDEArapoti_18/19_12_nao_com","Muito Tolerante","Altamente Tolerante"
"208","CDEArapoti","Arapoti","PR","com","nao","IPRUirapuru","p",1,"17/12/19",1,0.5,"18/19","Arapoti_CDEArapoti_18/19_12_nao_com","Tolerante","Tolerante"
"209","CDEArapoti","Arapoti","PR","com","nao","IPRUrutau","p",1,"17/12/19",0.2,0,"18/19","Arapoti_CDEArapoti_18/19_12_nao_com","Altamente Tolerante","Altamente Tolerante"
"210","CDEArapoti","Arapoti","PR","com","nao","SCS204Predileto","p",1,"17/12/19",0.1,0.2,"18/19","Arapoti_CDEArapoti_18/19_12_nao_com","Altamente Tolerante","Muito Tolerante"
"211","CDEArapoti","Arapoti","PR","com","nao","SCS205Riqueza","chc",1,"17/12/19",0.4,0.1,"18/19","Arapoti_CDEArapoti_18/19_12_nao_com","Muito Tolerante","Muito Tolerante"
"212","CDEArapoti","Arapoti","PR","com","nao","TAACariocaL-013","chc",1,"17/12/19",1,0.2,"18/19","Arapoti_CDEArapoti_18/19_12_nao_com","Tolerante","Muito Tolerante"
"213","CDEArapoti","Arapoti","PR","com","nao","TAACariocaL-015","chc",1,"17/12/19",0.8,0.1,"18/19","Arapoti_CDEArapoti_18/19_12_nao_com","Tolerante","Muito Tolerante"
"214","CDEArapoti","Arapoti","PR","com","nao","TAADama","chc",1,"17/12/19",0.1,0.2,"18/19","Arapoti_CDEArapoti_18/19_12_nao_com","Altamente Tolerante","Muito Tolerante"
"215","CDEArapoti","Arapoti","PR","com","nao","TAAPreto04","p",1,"17/12/19",0,0.1,"18/19","Arapoti_CDEArapoti_18/19_12_nao_com","Altamente Tolerante","Muito Tolerante"
"216","CDEArapoti","Arapoti","PR","com","nao","TAAPreto04","p",2,"17/12/19",0,0.1,"18/19","Arapoti_CDEArapoti_18/19_12_nao_com","Altamente Tolerante","Muito Tolerante"
"217","CDEArapoti","Arapoti","PR","com","nao","BRSMGUai","chc",2,"17/12/19",0,0,"18/19","Arapoti_CDEArapoti_18/19_12_nao_com","Altamente Tolerante","Altamente Tolerante"
"218","CDEArapoti","Arapoti","PR","com","nao","IPRUirapuru","p",2,"17/12/19",0.5,0.2,"18/19","Arapoti_CDEArapoti_18/19_12_nao_com","Muito Tolerante","Muito Tolerante"
"219","CDEArapoti","Arapoti","PR","com","nao","BRSFP403","p",2,"17/12/19",0.2,0,"18/19","Arapoti_CDEArapoti_18/19_12_nao_com","Altamente Tolerante","Altamente Tolerante"
"220","CDEArapoti","Arapoti","PR","com","nao","IAC1850","chc",2,"17/12/19",0.1,0,"18/19","Arapoti_CDEArapoti_18/19_12_nao_com","Altamente Tolerante","Altamente Tolerante"
"221","CDEArapoti","Arapoti","PR","com","nao","TAADama","chc",2,"17/12/19",0.8,0.3,"18/19","Arapoti_CDEArapoti_18/19_12_nao_com","Tolerante","Muito Tolerante"
"222","CDEArapoti","Arapoti","PR","com","nao","IPRTangara","chc",2,"17/12/19",0,0.2,"18/19","Arapoti_CDEArapoti_18/19_12_nao_com","Altamente Tolerante","Muito Tolerante"
"223","CDEArapoti","Arapoti","PR","com","nao","IPRSabia","chc",2,"17/12/19",0,0.1,"18/19","Arapoti_CDEArapoti_18/19_12_nao_com","Altamente Tolerante","Muito Tolerante"
"224","CDEArapoti","Arapoti","PR","com","nao","IPRUrutau","p",2,"17/12/19",0.1,0,"18/19","Arapoti_CDEArapoti_18/19_12_nao_com","Altamente Tolerante","Altamente Tolerante"
"225","CDEArapoti","Arapoti","PR","com","nao","IPRTuiuiu","p",2,"17/12/19",0,0,"18/19","Arapoti_CDEArapoti_18/19_12_nao_com","Altamente Tolerante","Altamente Tolerante"
"226","CDEArapoti","Arapoti","PR","com","nao","BRSFC104","chc",2,"17/12/19",0.8,0,"18/19","Arapoti_CDEArapoti_18/19_12_nao_com","Tolerante","Altamente Tolerante"
"227","CDEArapoti","Arapoti","PR","com","nao","BRSFC402","chc",2,"17/12/19",0.1,0,"18/19","Arapoti_CDEArapoti_18/19_12_nao_com","Altamente Tolerante","Altamente Tolerante"
"228","CDEArapoti","Arapoti","PR","com","nao","SCS205Riqueza","chc",2,"17/12/19",0.5,0.2,"18/19","Arapoti_CDEArapoti_18/19_12_nao_com","Muito Tolerante","Muito Tolerante"
"229","CDEArapoti","Arapoti","PR","com","nao","SCS204Predileto","p",2,"17/12/19",0.8,0.8,"18/19","Arapoti_CDEArapoti_18/19_12_nao_com","Tolerante","Suscetível"
"230","CDEArapoti","Arapoti","PR","com","nao","ANFc9","chc",2,"17/12/19",0.5,0,"18/19","Arapoti_CDEArapoti_18/19_12_nao_com","Muito Tolerante","Altamente Tolerante"
"231","CDEArapoti","Arapoti","PR","com","nao","BRSEstilo","chc",2,"17/12/19",0.2,0,"18/19","Arapoti_CDEArapoti_18/19_12_nao_com","Altamente Tolerante","Altamente Tolerante"
"232","CDEArapoti","Arapoti","PR","com","nao","BRSMGMadreperola","chc",2,"17/12/19",0.2,0,"18/19","Arapoti_CDEArapoti_18/19_12_nao_com","Altamente Tolerante","Altamente Tolerante"
"233","CDEArapoti","Arapoti","PR","com","nao","IAC1849","chc",2,"17/12/19",0.2,0,"18/19","Arapoti_CDEArapoti_18/19_12_nao_com","Altamente Tolerante","Altamente Tolerante"
"234","CDEArapoti","Arapoti","PR","com","nao","ImperadorVermelho","chc",2,"17/12/19",0.5,0,"18/19","Arapoti_CDEArapoti_18/19_12_nao_com","Muito Tolerante","Altamente Tolerante"
"235","CDEArapoti","Arapoti","PR","com","nao","IACNuance","ra",2,"17/12/19",0,0.2,"18/19","Arapoti_CDEArapoti_18/19_12_nao_com","Altamente Tolerante","Muito Tolerante"
"236","CDEArapoti","Arapoti","PR","com","nao","BRSEsteio","p",2,"17/12/19",0,0.2,"18/19","Arapoti_CDEArapoti_18/19_12_nao_com","Altamente Tolerante","Muito Tolerante"
"237","CDEArapoti","Arapoti","PR","com","nao","TAACariocaL-015","chc",2,"17/12/19",1.5,0,"18/19","Arapoti_CDEArapoti_18/19_12_nao_com","Suscetível","Altamente Tolerante"
"238","CDEArapoti","Arapoti","PR","com","nao","IACVeloz","p",2,"17/12/19",0.2,0,"18/19","Arapoti_CDEArapoti_18/19_12_nao_com","Altamente Tolerante","Altamente Tolerante"
"239","CDEArapoti","Arapoti","PR","com","nao","IPRCamposGerais","chc",2,"17/12/19",0.5,0.2,"18/19","Arapoti_CDEArapoti_18/19_12_nao_com","Muito Tolerante","Muito Tolerante"
"240","CDEArapoti","Arapoti","PR","com","nao","IPRQuero-quero","chc",2,"17/12/19",0.1,0.5,"18/19","Arapoti_CDEArapoti_18/19_12_nao_com","Altamente Tolerante","Tolerante"
"241","CDEArapoti","Arapoti","PR","com","nao","TAABranco02","b",2,"17/12/19",0,0.4,"18/19","Arapoti_CDEArapoti_18/19_12_nao_com","Altamente Tolerante","Tolerante"
"242","CDEArapoti","Arapoti","PR","com","nao","BolaCheia","chc",2,"17/12/19",0.2,0.2,"18/19","Arapoti_CDEArapoti_18/19_12_nao_com","Altamente Tolerante","Muito Tolerante"
"243","CDEArapoti","Arapoti","PR","com","nao","ANFc5","chc",2,"17/12/19",0.8,0,"18/19","Arapoti_CDEArapoti_18/19_12_nao_com","Tolerante","Altamente Tolerante"
"244","CDEArapoti","Arapoti","PR","com","nao","IPRBem-te-vi","chc",2,"17/12/19",0,0,"18/19","Arapoti_CDEArapoti_18/19_12_nao_com","Altamente Tolerante","Altamente Tolerante"
"245","CDEArapoti","Arapoti","PR","com","nao","IPRCeleiro","chc",2,"17/12/19",0.5,0,"18/19","Arapoti_CDEArapoti_18/19_12_nao_com","Muito Tolerante","Altamente Tolerante"
"246","CDEArapoti","Arapoti","PR","com","nao","IACVeloz","p",3,"17/12/19",0,0,"18/19","Arapoti_CDEArapoti_18/19_12_nao_com","Altamente Tolerante","Altamente Tolerante"
"247","CDEArapoti","Arapoti","PR","com","nao","BRSMGMadreperola","chc",3,"17/12/19",0.8,0,"18/19","Arapoti_CDEArapoti_18/19_12_nao_com","Tolerante","Altamente Tolerante"
"248","CDEArapoti","Arapoti","PR","com","nao","BRSFP403","p",3,"17/12/19",0,0,"18/19","Arapoti_CDEArapoti_18/19_12_nao_com","Altamente Tolerante","Altamente Tolerante"
"249","CDEArapoti","Arapoti","PR","com","nao","TAACariocaL-015","chc",3,"17/12/19",0.4,0.1,"18/19","Arapoti_CDEArapoti_18/19_12_nao_com","Muito Tolerante","Muito Tolerante"
"250","CDEArapoti","Arapoti","PR","com","nao","IPRCamposGerais","chc",3,"17/12/19",0.5,0.2,"18/19","Arapoti_CDEArapoti_18/19_12_nao_com","Muito Tolerante","Muito Tolerante"
"251","CDEArapoti","Arapoti","PR","com","nao","BRSFC402","chc",3,"17/12/19",0,0.4,"18/19","Arapoti_CDEArapoti_18/19_12_nao_com","Altamente Tolerante","Tolerante"
"252","CDEArapoti","Arapoti","PR","com","nao","TAABranco02","b",3,"17/12/19",0.2,0.5,"18/19","Arapoti_CDEArapoti_18/19_12_nao_com","Altamente Tolerante","Tolerante"
"253","CDEArapoti","Arapoti","PR","com","nao","IAC1849","chc",3,"17/12/19",1.5,0,"18/19","Arapoti_CDEArapoti_18/19_12_nao_com","Suscetível","Altamente Tolerante"
"254","CDEArapoti","Arapoti","PR","com","nao","IPRSabia","chc",3,"17/12/19",0,0,"18/19","Arapoti_CDEArapoti_18/19_12_nao_com","Altamente Tolerante","Altamente Tolerante"
"255","CDEArapoti","Arapoti","PR","com","nao","BRSMGUai","chc",3,"17/12/19",0.4,0,"18/19","Arapoti_CDEArapoti_18/19_12_nao_com","Muito Tolerante","Altamente Tolerante"
"256","CDEArapoti","Arapoti","PR","com","nao","IPRTangara","chc",3,"17/12/19",0.5,0.2,"18/19","Arapoti_CDEArapoti_18/19_12_nao_com","Muito Tolerante","Muito Tolerante"
"257","CDEArapoti","Arapoti","PR","com","nao","IPRQuero-quero","chc",3,"17/12/19",0,0,"18/19","Arapoti_CDEArapoti_18/19_12_nao_com","Altamente Tolerante","Altamente Tolerante"
"258","CDEArapoti","Arapoti","PR","com","nao","IPRBem-te-vi","chc",3,"17/12/19",0.2,0.5,"18/19","Arapoti_CDEArapoti_18/19_12_nao_com","Altamente Tolerante","Tolerante"
"259","CDEArapoti","Arapoti","PR","com","nao","BRSEsteio","p",3,"17/12/19",0,0,"18/19","Arapoti_CDEArapoti_18/19_12_nao_com","Altamente Tolerante","Altamente Tolerante"
"260","CDEArapoti","Arapoti","PR","com","nao","BolaCheia","chc",3,"17/12/19",0.1,0,"18/19","Arapoti_CDEArapoti_18/19_12_nao_com","Altamente Tolerante","Altamente Tolerante"
"261","CDEArapoti","Arapoti","PR","com","nao","IPRTuiuiu","p",3,"17/12/19",0.2,0,"18/19","Arapoti_CDEArapoti_18/19_12_nao_com","Altamente Tolerante","Altamente Tolerante"
"262","CDEArapoti","Arapoti","PR","com","nao","IAC1850","chc",3,"17/12/19",0,0,"18/19","Arapoti_CDEArapoti_18/19_12_nao_com","Altamente Tolerante","Altamente Tolerante"
"263","CDEArapoti","Arapoti","PR","com","nao","TAACariocaL-013","chc",3,"17/12/19",0.8,0,"18/19","Arapoti_CDEArapoti_18/19_12_nao_com","Tolerante","Altamente Tolerante"
"264","CDEArapoti","Arapoti","PR","com","nao","SCS204Predileto","p",3,"17/12/19",0.8,0,"18/19","Arapoti_CDEArapoti_18/19_12_nao_com","Tolerante","Altamente Tolerante"
"265","CDEArapoti","Arapoti","PR","com","nao","BRSEstilo","chc",3,"17/12/19",0.2,0,"18/19","Arapoti_CDEArapoti_18/19_12_nao_com","Altamente Tolerante","Altamente Tolerante"
"266","CDEArapoti","Arapoti","PR","com","nao","ANFc9","chc",3,"17/12/19",0.2,0,"18/19","Arapoti_CDEArapoti_18/19_12_nao_com","Altamente Tolerante","Altamente Tolerante"
"267","CDEArapoti","Arapoti","PR","com","nao","TAADama","chc",3,"17/12/19",0.8,0,"18/19","Arapoti_CDEArapoti_18/19_12_nao_com","Tolerante","Altamente Tolerante"
"268","CDEArapoti","Arapoti","PR","com","nao","IPRUirapuru","p",3,"17/12/19",0,0.4,"18/19","Arapoti_CDEArapoti_18/19_12_nao_com","Altamente Tolerante","Tolerante"
"269","CDEArapoti","Arapoti","PR","com","nao","IPRUrutau","p",3,"17/12/19",0,0.2,"18/19","Arapoti_CDEArapoti_18/19_12_nao_com","Altamente Tolerante","Muito Tolerante"
"270","CDEArapoti","Arapoti","PR","com","nao","ImperadorVermelho","chc",3,"17/12/19",0.5,0,"18/19","Arapoti_CDEArapoti_18/19_12_nao_com","Muito Tolerante","Altamente Tolerante"
"271","CDEArapoti","Arapoti","PR","com","nao","IPRCeleiro","chc",3,"17/12/19",0.3,0.1,"18/19","Arapoti_CDEArapoti_18/19_12_nao_com","Muito Tolerante","Muito Tolerante"
"272","CDEArapoti","Arapoti","PR","com","nao","TAAPreto04","p",3,"17/12/19",0,0,"18/19","Arapoti_CDEArapoti_18/19_12_nao_com","Altamente Tolerante","Altamente Tolerante"
"273","CDEArapoti","Arapoti","PR","com","nao","SCS205Riqueza","chc",3,"17/12/19",0.2,0,"18/19","Arapoti_CDEArapoti_18/19_12_nao_com","Altamente Tolerante","Altamente Tolerante"
"274","CDEArapoti","Arapoti","PR","com","nao","IACNuance","ra",3,"17/12/19",0,0,"18/19","Arapoti_CDEArapoti_18/19_12_nao_com","Altamente Tolerante","Altamente Tolerante"
"275","CDEArapoti","Arapoti","PR","com","nao","TAACariocaL-013","chc",4,"17/12/19",0.8,0,"18/19","Arapoti_CDEArapoti_18/19_12_nao_com","Tolerante","Altamente Tolerante"
"276","CDEArapoti","Arapoti","PR","com","nao","ImperadorVermelho","chc",4,"17/12/19",0.5,0,"18/19","Arapoti_CDEArapoti_18/19_12_nao_com","Muito Tolerante","Altamente Tolerante"
"277","CDEArapoti","Arapoti","PR","com","nao","IPRTangara","chc",4,"17/12/19",0,0,"18/19","Arapoti_CDEArapoti_18/19_12_nao_com","Altamente Tolerante","Altamente Tolerante"
"278","CDEArapoti","Arapoti","PR","com","nao","BRSFC402","chc",4,"17/12/19",0.5,0,"18/19","Arapoti_CDEArapoti_18/19_12_nao_com","Muito Tolerante","Altamente Tolerante"
"279","CDEArapoti","Arapoti","PR","com","nao","IPRCamposGerais","chc",4,"17/12/19",0.2,0,"18/19","Arapoti_CDEArapoti_18/19_12_nao_com","Altamente Tolerante","Altamente Tolerante"
"280","CDEArapoti","Arapoti","PR","com","nao","TAABranco02","b",4,"17/12/19",0.5,0.8,"18/19","Arapoti_CDEArapoti_18/19_12_nao_com","Muito Tolerante","Suscetível"
"281","CDEArapoti","Arapoti","PR","com","nao","IPRQuero-quero","chc",4,"17/12/19",0,0,"18/19","Arapoti_CDEArapoti_18/19_12_nao_com","Altamente Tolerante","Altamente Tolerante"
"282","CDEArapoti","Arapoti","PR","com","nao","BRSMGMadreperola","chc",4,"17/12/19",0.2,0,"18/19","Arapoti_CDEArapoti_18/19_12_nao_com","Altamente Tolerante","Altamente Tolerante"
"283","CDEArapoti","Arapoti","PR","com","nao","IPRSabia","chc",4,"17/12/19",0,0.2,"18/19","Arapoti_CDEArapoti_18/19_12_nao_com","Altamente Tolerante","Muito Tolerante"
"284","CDEArapoti","Arapoti","PR","com","nao","IACVeloz","p",4,"17/12/19",0.1,0.5,"18/19","Arapoti_CDEArapoti_18/19_12_nao_com","Altamente Tolerante","Tolerante"
"285","CDEArapoti","Arapoti","PR","com","nao","IPRBem-te-vi","chc",4,"17/12/19",0.2,0.1,"18/19","Arapoti_CDEArapoti_18/19_12_nao_com","Altamente Tolerante","Muito Tolerante"
"286","CDEArapoti","Arapoti","PR","com","nao","IPRCeleiro","chc",4,"17/12/19",0,0,"18/19","Arapoti_CDEArapoti_18/19_12_nao_com","Altamente Tolerante","Altamente Tolerante"
"287","CDEArapoti","Arapoti","PR","com","nao","BRSFC104","chc",4,"17/12/19",1.5,0,"18/19","Arapoti_CDEArapoti_18/19_12_nao_com","Suscetível","Altamente Tolerante"
"288","CDEArapoti","Arapoti","PR","com","nao","SCS205Riqueza","chc",4,"17/12/19",0,0,"18/19","Arapoti_CDEArapoti_18/19_12_nao_com","Altamente Tolerante","Altamente Tolerante"
"289","CDEArapoti","Arapoti","PR","com","nao","IAC1850","chc",4,"17/12/19",0,0,"18/19","Arapoti_CDEArapoti_18/19_12_nao_com","Altamente Tolerante","Altamente Tolerante"
"290","CDEArapoti","Arapoti","PR","com","nao","IPRUrutau","p",4,"17/12/19",0.5,0.2,"18/19","Arapoti_CDEArapoti_18/19_12_nao_com","Muito Tolerante","Muito Tolerante"
"291","CDEArapoti","Arapoti","PR","com","nao","BRSEstilo","chc",4,"17/12/19",0.5,0,"18/19","Arapoti_CDEArapoti_18/19_12_nao_com","Muito Tolerante","Altamente Tolerante"
"292","CDEArapoti","Arapoti","PR","com","nao","SCS204Predileto","p",4,"17/12/19",1,0.2,"18/19","Arapoti_CDEArapoti_18/19_12_nao_com","Tolerante","Muito Tolerante"
"293","CDEArapoti","Arapoti","PR","com","nao","IAC1849","chc",4,"17/12/19",0.8,0.1,"18/19","Arapoti_CDEArapoti_18/19_12_nao_com","Tolerante","Muito Tolerante"
"294","CDEArapoti","Arapoti","PR","com","nao","BRSMGUai","chc",4,"17/12/19",0.2,0.1,"18/19","Arapoti_CDEArapoti_18/19_12_nao_com","Altamente Tolerante","Muito Tolerante"
"295","CDEArapoti","Arapoti","PR","com","nao","IPRTuiuiu","p",4,"17/12/19",0.3,0,"18/19","Arapoti_CDEArapoti_18/19_12_nao_com","Muito Tolerante","Altamente Tolerante"
"296","CDEArapoti","Arapoti","PR","com","nao","TAADama","chc",4,"17/12/19",0.8,0,"18/19","Arapoti_CDEArapoti_18/19_12_nao_com","Tolerante","Altamente Tolerante"
"297","CDEArapoti","Arapoti","PR","com","nao","IPRUirapuru","p",4,"17/12/19",0.5,0,"18/19","Arapoti_CDEArapoti_18/19_12_nao_com","Muito Tolerante","Altamente Tolerante"
"298","CDEArapoti","Arapoti","PR","com","nao","IACNuance","ra",4,"17/12/19",0.5,0,"18/19","Arapoti_CDEArapoti_18/19_12_nao_com","Muito Tolerante","Altamente Tolerante"
"299","CDEArapoti","Arapoti","PR","com","nao","BRSFP403","p",4,"17/12/19",0.2,0.2,"18/19","Arapoti_CDEArapoti_18/19_12_nao_com","Altamente Tolerante","Muito Tolerante"
"300","CDEArapoti","Arapoti","PR","com","nao","TAACariocaL-015","chc",4,"17/12/19",0.8,0,"18/19","Arapoti_CDEArapoti_18/19_12_nao_com","Tolerante","Altamente Tolerante"
"301","CDEArapoti","Arapoti","PR","com","nao","BolaCheia","chc",4,"17/12/19",0,0.1,"18/19","Arapoti_CDEArapoti_18/19_12_nao_com","Altamente Tolerante","Muito Tolerante"
"302","CDEArapoti","Arapoti","PR","com","nao","BRSEsteio","p",4,"17/12/19",0.5,0,"18/19","Arapoti_CDEArapoti_18/19_12_nao_com","Muito Tolerante","Altamente Tolerante"
"303","CDEArapoti","Arapoti","PR","com","nao","ANFc9","chc",4,"17/12/19",1.5,0,"18/19","Arapoti_CDEArapoti_18/19_12_nao_com","Suscetível","Altamente Tolerante"
"304","CDEArapoti","Arapoti","PR","com","nao","TAAPreto04","p",4,"17/12/19",0.1,0.1,"18/19","Arapoti_CDEArapoti_18/19_12_nao_com","Altamente Tolerante","Muito Tolerante"
"305","CDEArapoti","Arapoti","PR","com","nao","BRSEsteio","p",1,"08/01/20",1,0,"19/20","Arapoti_CDEArapoti_19/20_1_nao_com","Tolerante","Altamente Tolerante"
"306","CDEArapoti","Arapoti","PR","com","nao","BRSFP403","p",1,"08/01/20",1,0,"19/20","Arapoti_CDEArapoti_19/20_1_nao_com","Tolerante","Altamente Tolerante"
"307","CDEArapoti","Arapoti","PR","com","nao","IPRCamposGerais","chc",1,"08/01/20",1,0,"19/20","Arapoti_CDEArapoti_19/20_1_nao_com","Tolerante","Altamente Tolerante"
"308","CDEArapoti","Arapoti","PR","com","nao","IPRCurio","chc",1,"08/01/20",10,0,"19/20","Arapoti_CDEArapoti_19/20_1_nao_com","Altamente Suscetível","Altamente Tolerante"
"309","CDEArapoti","Arapoti","PR","com","nao","IPRSabia","chc",1,"08/01/20",1,0,"19/20","Arapoti_CDEArapoti_19/20_1_nao_com","Tolerante","Altamente Tolerante"
"310","CDEArapoti","Arapoti","PR","com","nao","IPRTangara","chc",1,"08/01/20",1,0,"19/20","Arapoti_CDEArapoti_19/20_1_nao_com","Tolerante","Altamente Tolerante"
"311","CDEArapoti","Arapoti","PR","com","nao","IPRUrutau","p",1,"08/01/20",1,0,"19/20","Arapoti_CDEArapoti_19/20_1_nao_com","Tolerante","Altamente Tolerante"
"312","CDEArapoti","Arapoti","PR","com","nao","SCS204Predileto","p",1,"08/01/20",1,0,"19/20","Arapoti_CDEArapoti_19/20_1_nao_com","Tolerante","Altamente Tolerante"
"313","CDEArapoti","Arapoti","PR","com","nao","SCS205Riqueza","chc",1,"08/01/20",1,0,"19/20","Arapoti_CDEArapoti_19/20_1_nao_com","Tolerante","Altamente Tolerante"
"314","CDEArapoti","Arapoti","PR","com","nao","TAADama","chc",1,"08/01/20",1,0,"19/20","Arapoti_CDEArapoti_19/20_1_nao_com","Tolerante","Altamente Tolerante"
"315","CDEArapoti","Arapoti","PR","com","nao","SCS204Predileto","p",2,"08/01/20",1,1,"19/20","Arapoti_CDEArapoti_19/20_1_nao_com","Tolerante","Suscetível"
"316","CDEArapoti","Arapoti","PR","com","nao","IPRSabia","chc",2,"08/01/20",1,0,"19/20","Arapoti_CDEArapoti_19/20_1_nao_com","Tolerante","Altamente Tolerante"
"317","CDEArapoti","Arapoti","PR","com","nao","IAC97-2","chc",2,"08/01/20",1,0,"19/20","Arapoti_CDEArapoti_19/20_1_nao_com","Tolerante","Altamente Tolerante"
"318","CDEArapoti","Arapoti","PR","com","nao","BRSFP403","p",2,"08/01/20",1,0,"19/20","Arapoti_CDEArapoti_19/20_1_nao_com","Tolerante","Altamente Tolerante"
"319","CDEArapoti","Arapoti","PR","com","nao","IACVeloz","p",2,"08/01/20",1,0,"19/20","Arapoti_CDEArapoti_19/20_1_nao_com","Tolerante","Altamente Tolerante"
"320","CDEArapoti","Arapoti","PR","com","nao","IPRQuero-quero","chc",2,"08/01/20",1,0,"19/20","Arapoti_CDEArapoti_19/20_1_nao_com","Tolerante","Altamente Tolerante"
"321","CDEArapoti","Arapoti","PR","com","nao","IPRTuiuiu","p",3,"08/01/20",1,0,"19/20","Arapoti_CDEArapoti_19/20_1_nao_com","Tolerante","Altamente Tolerante"
"322","CDEArapoti","Arapoti","PR","com","nao","IACVeloz","p",3,"08/01/20",10,0,"19/20","Arapoti_CDEArapoti_19/20_1_nao_com","Altamente Suscetível","Altamente Tolerante"
"323","CDEArapoti","Arapoti","PR","com","nao","IAC1850","chc",3,"08/01/20",1,0,"19/20","Arapoti_CDEArapoti_19/20_1_nao_com","Tolerante","Altamente Tolerante"
"324","CDEArapoti","Arapoti","PR","com","nao","IPRSabia","chc",3,"08/01/20",1,1,"19/20","Arapoti_CDEArapoti_19/20_1_nao_com","Tolerante","Suscetível"
"325","CDEArapoti","Arapoti","PR","com","nao","ImperadorVermelho","chc",3,"08/01/20",10,0,"19/20","Arapoti_CDEArapoti_19/20_1_nao_com","Altamente Suscetível","Altamente Tolerante"
"326","CDEArapoti","Arapoti","PR","com","nao","IPRQuero-quero","chc",4,"08/01/20",1,0,"19/20","Arapoti_CDEArapoti_19/20_1_nao_com","Tolerante","Altamente Tolerante"
"327","CDEArapoti","Arapoti","PR","com","nao","ImperadorVermelho","chc",4,"08/01/20",10,1,"19/20","Arapoti_CDEArapoti_19/20_1_nao_com","Altamente Suscetível","Suscetível"
"328","CDEArapoti","Arapoti","PR","com","nao","IAC1849","chc",4,"08/01/20",10,0,"19/20","Arapoti_CDEArapoti_19/20_1_nao_com","Altamente Suscetível","Altamente Tolerante"
"329","CDEArapoti","Arapoti","PR","com","nao","IPRSabia","chc",4,"08/01/20",1,0,"19/20","Arapoti_CDEArapoti_19/20_1_nao_com","Tolerante","Altamente Tolerante"
"330","CDECastro","Castro","PR","com","nao","ANFc23","chc",1,"23/12/19",0,0,"19/20","Castro_CDECastro_19/20_12_nao_com","Altamente Tolerante","Altamente Tolerante"
"331","CDECastro","Castro","PR","com","nao","ANFc9","chc",1,"23/12/19",0,0,"19/20","Castro_CDECastro_19/20_12_nao_com","Altamente Tolerante","Altamente Tolerante"
"332","CDECastro","Castro","PR","com","nao","ANFp119","p",1,"23/12/19",0,0,"19/20","Castro_CDECastro_19/20_12_nao_com","Altamente Tolerante","Altamente Tolerante"
"333","CDECastro","Castro","PR","com","nao","BRSEsteio","p",1,"23/12/19",0,0,"19/20","Castro_CDECastro_19/20_12_nao_com","Altamente Tolerante","Altamente Tolerante"
"334","CDECastro","Castro","PR","com","nao","BRSEstilo","chc",1,"23/12/19",0,0,"19/20","Castro_CDECastro_19/20_12_nao_com","Altamente Tolerante","Altamente Tolerante"
"335","CDECastro","Castro","PR","com","nao","BRSFP403","p",1,"23/12/19",0,0,"19/20","Castro_CDECastro_19/20_12_nao_com","Altamente Tolerante","Altamente Tolerante"
"336","CDECastro","Castro","PR","com","nao","BRSIntrepido","p",1,"23/12/19",0,1,"19/20","Castro_CDECastro_19/20_12_nao_com","Altamente Tolerante","Suscetível"
"337","CDECastro","Castro","PR","com","nao","BRSPaisano","p",1,"23/12/19",0,1,"19/20","Castro_CDECastro_19/20_12_nao_com","Altamente Tolerante","Suscetível"
"338","CDECastro","Castro","PR","com","nao","BRSMGMadreperola","chc",1,"23/12/19",0,0,"19/20","Castro_CDECastro_19/20_12_nao_com","Altamente Tolerante","Altamente Tolerante"
"339","CDECastro","Castro","PR","com","nao","IAC1849","chc",1,"23/12/19",0,0,"19/20","Castro_CDECastro_19/20_12_nao_com","Altamente Tolerante","Altamente Tolerante"
"340","CDECastro","Castro","PR","com","nao","IAC1850","chc",1,"23/12/19",0,0,"19/20","Castro_CDECastro_19/20_12_nao_com","Altamente Tolerante","Altamente Tolerante"
"341","CDECastro","Castro","PR","com","nao","IAC97-2","chc",1,"23/12/19",0,0,"19/20","Castro_CDECastro_19/20_12_nao_com","Altamente Tolerante","Altamente Tolerante"
"342","CDECastro","Castro","PR","com","nao","IACVeloz","p",1,"23/12/19",0,0,"19/20","Castro_CDECastro_19/20_12_nao_com","Altamente Tolerante","Altamente Tolerante"
"343","CDECastro","Castro","PR","com","nao","ImperadorVermelho","chc",1,"23/12/19",0,0,"19/20","Castro_CDECastro_19/20_12_nao_com","Altamente Tolerante","Altamente Tolerante"
"344","CDECastro","Castro","PR","com","nao","IPRCurio","chc",1,"23/12/19",0.8,0,"19/20","Castro_CDECastro_19/20_12_nao_com","Tolerante","Altamente Tolerante"
"345","CDECastro","Castro","PR","com","nao","IPRQuero-quero","chc",1,"23/12/19",0,0,"19/20","Castro_CDECastro_19/20_12_nao_com","Altamente Tolerante","Altamente Tolerante"
"346","CDECastro","Castro","PR","com","nao","IPRSabia","chc",1,"23/12/19",0,0,"19/20","Castro_CDECastro_19/20_12_nao_com","Altamente Tolerante","Altamente Tolerante"
"347","CDECastro","Castro","PR","com","nao","IPRTangara","chc",1,"23/12/19",0,0,"19/20","Castro_CDECastro_19/20_12_nao_com","Altamente Tolerante","Altamente Tolerante"
"348","CDECastro","Castro","PR","com","nao","IPRTuiuiu","p",1,"23/12/19",0,0,"19/20","Castro_CDECastro_19/20_12_nao_com","Altamente Tolerante","Altamente Tolerante"
"349","CDECastro","Castro","PR","com","nao","IPRUirapuru","p",1,"23/12/19",0,0.8,"19/20","Castro_CDECastro_19/20_12_nao_com","Altamente Tolerante","Suscetível"
"350","CDECastro","Castro","PR","com","nao","IPRUrutau","p",1,"23/12/19",0,0,"19/20","Castro_CDECastro_19/20_12_nao_com","Altamente Tolerante","Altamente Tolerante"
"351","CDECastro","Castro","PR","com","nao","SCS204Predileto","p",1,"23/12/19",0,0,"19/20","Castro_CDECastro_19/20_12_nao_com","Altamente Tolerante","Altamente Tolerante"
"352","CDECastro","Castro","PR","com","nao","SCS205Riqueza","chc",1,"23/12/19",0,0,"19/20","Castro_CDECastro_19/20_12_nao_com","Altamente Tolerante","Altamente Tolerante"
"353","CDECastro","Castro","PR","com","nao","TAADama","chc",1,"23/12/19",0,0,"19/20","Castro_CDECastro_19/20_12_nao_com","Altamente Tolerante","Altamente Tolerante"
"354","CDECastro","Castro","PR","com","nao","SCS205Riqueza","chc",2,"23/12/19",0,0,"19/20","Castro_CDECastro_19/20_12_nao_com","Altamente Tolerante","Altamente Tolerante"
"355","CDECastro","Castro","PR","com","nao","BRSEstilo","chc",2,"23/12/19",0,0,"19/20","Castro_CDECastro_19/20_12_nao_com","Altamente Tolerante","Altamente Tolerante"
"356","CDECastro","Castro","PR","com","nao","BRSIntrepido","p",2,"23/12/19",0,0,"19/20","Castro_CDECastro_19/20_12_nao_com","Altamente Tolerante","Altamente Tolerante"
"357","CDECastro","Castro","PR","com","nao","TAADama","chc",2,"23/12/19",0.8,0.5,"19/20","Castro_CDECastro_19/20_12_nao_com","Tolerante","Tolerante"
"358","CDECastro","Castro","PR","com","nao","IPRTangara","chc",2,"23/12/19",0,0,"19/20","Castro_CDECastro_19/20_12_nao_com","Altamente Tolerante","Altamente Tolerante"
"359","CDECastro","Castro","PR","com","nao","SCS204Predileto","p",2,"23/12/19",0,0,"19/20","Castro_CDECastro_19/20_12_nao_com","Altamente Tolerante","Altamente Tolerante"
"360","CDECastro","Castro","PR","com","nao","ANFp119","p",2,"23/12/19",0,0,"19/20","Castro_CDECastro_19/20_12_nao_com","Altamente Tolerante","Altamente Tolerante"
"361","CDECastro","Castro","PR","com","nao","IPRCurio","chc",2,"23/12/19",0,0,"19/20","Castro_CDECastro_19/20_12_nao_com","Altamente Tolerante","Altamente Tolerante"
"362","CDECastro","Castro","PR","com","nao","IPRCamposGerais","chc",2,"23/12/19",0,1.5,"19/20","Castro_CDECastro_19/20_12_nao_com","Altamente Tolerante","Altamente Suscetível"
"363","CDECastro","Castro","PR","com","nao","IPRSabia","chc",2,"23/12/19",0,0,"19/20","Castro_CDECastro_19/20_12_nao_com","Altamente Tolerante","Altamente Tolerante"
"364","CDECastro","Castro","PR","com","nao","BRSFC104","chc",2,"23/12/19",0,0.8,"19/20","Castro_CDECastro_19/20_12_nao_com","Altamente Tolerante","Suscetível"
"365","CDECastro","Castro","PR","com","nao","BRSEsteio","p",2,"23/12/19",0,1,"19/20","Castro_CDECastro_19/20_12_nao_com","Altamente Tolerante","Suscetível"
"366","CDECastro","Castro","PR","com","nao","ANFc23","chc",2,"23/12/19",0,0,"19/20","Castro_CDECastro_19/20_12_nao_com","Altamente Tolerante","Altamente Tolerante"
"367","CDECastro","Castro","PR","com","nao","IAC97-2","chc",2,"23/12/19",0,0,"19/20","Castro_CDECastro_19/20_12_nao_com","Altamente Tolerante","Altamente Tolerante"
"368","CDECastro","Castro","PR","com","nao","BRSFP403","p",2,"23/12/19",0,0,"19/20","Castro_CDECastro_19/20_12_nao_com","Altamente Tolerante","Altamente Tolerante"
"369","CDECastro","Castro","PR","com","nao","IACVeloz","p",2,"23/12/19",0,0,"19/20","Castro_CDECastro_19/20_12_nao_com","Altamente Tolerante","Altamente Tolerante"
"370","CDECastro","Castro","PR","com","nao","BRSFC402","chc",2,"23/12/19",0,0,"19/20","Castro_CDECastro_19/20_12_nao_com","Altamente Tolerante","Altamente Tolerante"
"371","CDECastro","Castro","PR","com","nao","IAC1849","chc",2,"23/12/19",0,0,"19/20","Castro_CDECastro_19/20_12_nao_com","Altamente Tolerante","Altamente Tolerante"
"372","CDECastro","Castro","PR","com","nao","IPRUirapuru","p",2,"23/12/19",1.5,0,"19/20","Castro_CDECastro_19/20_12_nao_com","Suscetível","Altamente Tolerante"
"373","CDECastro","Castro","PR","com","nao","IPRTuiuiu","p",2,"23/12/19",0,0,"19/20","Castro_CDECastro_19/20_12_nao_com","Altamente Tolerante","Altamente Tolerante"
"374","CDECastro","Castro","PR","com","nao","ANFc9","chc",2,"23/12/19",0,0,"19/20","Castro_CDECastro_19/20_12_nao_com","Altamente Tolerante","Altamente Tolerante"
"375","CDECastro","Castro","PR","com","nao","IAC1850","chc",2,"23/12/19",0,0,"19/20","Castro_CDECastro_19/20_12_nao_com","Altamente Tolerante","Altamente Tolerante"
"376","CDECastro","Castro","PR","com","nao","BRSPaisano","p",2,"23/12/19",0,0,"19/20","Castro_CDECastro_19/20_12_nao_com","Altamente Tolerante","Altamente Tolerante"
"377","CDECastro","Castro","PR","com","nao","IPRBem-te-vi","chc",2,"23/12/19",0,0,"19/20","Castro_CDECastro_19/20_12_nao_com","Altamente Tolerante","Altamente Tolerante"
"378","CDECastro","Castro","PR","com","nao","ImperadorVermelho","chc",2,"23/12/19",0,0,"19/20","Castro_CDECastro_19/20_12_nao_com","Altamente Tolerante","Altamente Tolerante"
"379","CDECastro","Castro","PR","com","nao","IPRQuero-quero","chc",2,"23/12/19",0,0,"19/20","Castro_CDECastro_19/20_12_nao_com","Altamente Tolerante","Altamente Tolerante"
"380","CDECastro","Castro","PR","com","nao","IPRUrutau","p",2,"23/12/19",0,0,"19/20","Castro_CDECastro_19/20_12_nao_com","Altamente Tolerante","Altamente Tolerante"
"381","CDECastro","Castro","PR","com","nao","BRSEsteio","p",3,"23/12/19",0,1.5,"19/20","Castro_CDECastro_19/20_12_nao_com","Altamente Tolerante","Altamente Suscetível"
"382","CDECastro","Castro","PR","com","nao","IPRUirapuru","p",3,"23/12/19",0,0,"19/20","Castro_CDECastro_19/20_12_nao_com","Altamente Tolerante","Altamente Tolerante"
"383","CDECastro","Castro","PR","com","nao","IPRTangara","chc",3,"23/12/19",0,0,"19/20","Castro_CDECastro_19/20_12_nao_com","Altamente Tolerante","Altamente Tolerante"
"384","CDECastro","Castro","PR","com","nao","IPRTuiuiu","p",3,"23/12/19",0,0,"19/20","Castro_CDECastro_19/20_12_nao_com","Altamente Tolerante","Altamente Tolerante"
"385","CDECastro","Castro","PR","com","nao","BRSPaisano","p",3,"23/12/19",0,0,"19/20","Castro_CDECastro_19/20_12_nao_com","Altamente Tolerante","Altamente Tolerante"
"386","CDECastro","Castro","PR","com","nao","IACVeloz","p",3,"23/12/19",0,0,"19/20","Castro_CDECastro_19/20_12_nao_com","Altamente Tolerante","Altamente Tolerante"
"387","CDECastro","Castro","PR","com","nao","IAC1849","chc",3,"23/12/19",0,0,"19/20","Castro_CDECastro_19/20_12_nao_com","Altamente Tolerante","Altamente Tolerante"
"388","CDECastro","Castro","PR","com","nao","IAC1850","chc",3,"23/12/19",1.5,0,"19/20","Castro_CDECastro_19/20_12_nao_com","Suscetível","Altamente Tolerante"
"389","CDECastro","Castro","PR","com","nao","IAC97-2","chc",3,"23/12/19",1.5,0,"19/20","Castro_CDECastro_19/20_12_nao_com","Suscetível","Altamente Tolerante"
"390","CDECastro","Castro","PR","com","nao","SCS204Predileto","p",3,"23/12/19",0,0,"19/20","Castro_CDECastro_19/20_12_nao_com","Altamente Tolerante","Altamente Tolerante"
"391","CDECastro","Castro","PR","com","nao","BRSMGMadreperola","chc",3,"23/12/19",0,0,"19/20","Castro_CDECastro_19/20_12_nao_com","Altamente Tolerante","Altamente Tolerante"
"392","CDECastro","Castro","PR","com","nao","IPRSabia","chc",3,"23/12/19",0,0,"19/20","Castro_CDECastro_19/20_12_nao_com","Altamente Tolerante","Altamente Tolerante"
"393","CDECastro","Castro","PR","com","nao","ANFc9","chc",3,"23/12/19",0,0,"19/20","Castro_CDECastro_19/20_12_nao_com","Altamente Tolerante","Altamente Tolerante"
"394","CDECastro","Castro","PR","com","nao","BRSFC104","chc",3,"23/12/19",0,0,"19/20","Castro_CDECastro_19/20_12_nao_com","Altamente Tolerante","Altamente Tolerante"
"395","CDECastro","Castro","PR","com","nao","BRSEstilo","chc",3,"23/12/19",0,0,"19/20","Castro_CDECastro_19/20_12_nao_com","Altamente Tolerante","Altamente Tolerante"
"396","CDECastro","Castro","PR","com","nao","ANFc23","chc",3,"23/12/19",0,0,"19/20","Castro_CDECastro_19/20_12_nao_com","Altamente Tolerante","Altamente Tolerante"
"397","CDECastro","Castro","PR","com","nao","SCS205Riqueza","chc",3,"23/12/19",0,0,"19/20","Castro_CDECastro_19/20_12_nao_com","Altamente Tolerante","Altamente Tolerante"
"398","CDECastro","Castro","PR","com","nao","BRSFP403","p",3,"23/12/19",0,0,"19/20","Castro_CDECastro_19/20_12_nao_com","Altamente Tolerante","Altamente Tolerante"
"399","CDECastro","Castro","PR","com","nao","BRSFC402","chc",3,"23/12/19",0,0,"19/20","Castro_CDECastro_19/20_12_nao_com","Altamente Tolerante","Altamente Tolerante"
"400","CDECastro","Castro","PR","com","nao","IPRCurio","chc",3,"23/12/19",0,0,"19/20","Castro_CDECastro_19/20_12_nao_com","Altamente Tolerante","Altamente Tolerante"
"401","CDECastro","Castro","PR","com","nao","IPRQuero-quero","chc",3,"23/12/19",0,0,"19/20","Castro_CDECastro_19/20_12_nao_com","Altamente Tolerante","Altamente Tolerante"
"402","CDECastro","Castro","PR","com","nao","IPRUrutau","p",3,"23/12/19",0,0,"19/20","Castro_CDECastro_19/20_12_nao_com","Altamente Tolerante","Altamente Tolerante"
"403","CDECastro","Castro","PR","com","nao","ImperadorVermelho","chc",3,"23/12/19",0,0,"19/20","Castro_CDECastro_19/20_12_nao_com","Altamente Tolerante","Altamente Tolerante"
"404","CDECastro","Castro","PR","com","nao","BRSIntrepido","p",3,"23/12/19",0,0,"19/20","Castro_CDECastro_19/20_12_nao_com","Altamente Tolerante","Altamente Tolerante"
"405","CDECastro","Castro","PR","com","nao","TAADama","chc",3,"23/12/19",0,0,"19/20","Castro_CDECastro_19/20_12_nao_com","Altamente Tolerante","Altamente Tolerante"
"406","CDECastro","Castro","PR","com","nao","IPRQuero-quero","chc",4,"23/12/19",0,0,"19/20","Castro_CDECastro_19/20_12_nao_com","Altamente Tolerante","Altamente Tolerante"
"407","CDECastro","Castro","PR","com","nao","IPRTangara","chc",4,"23/12/19",0,0,"19/20","Castro_CDECastro_19/20_12_nao_com","Altamente Tolerante","Altamente Tolerante"
"408","CDECastro","Castro","PR","com","nao","IAC97-2","chc",4,"23/12/19",10,0,"19/20","Castro_CDECastro_19/20_12_nao_com","Altamente Suscetível","Altamente Tolerante"
"409","CDECastro","Castro","PR","com","nao","IACVeloz","p",4,"23/12/19",0,0.5,"19/20","Castro_CDECastro_19/20_12_nao_com","Altamente Tolerante","Tolerante"
"410","CDECastro","Castro","PR","com","nao","IAC1850","chc",4,"23/12/19",0,0,"19/20","Castro_CDECastro_19/20_12_nao_com","Altamente Tolerante","Altamente Tolerante"
"411","CDECastro","Castro","PR","com","nao","TAADama","chc",4,"23/12/19",0,0,"19/20","Castro_CDECastro_19/20_12_nao_com","Altamente Tolerante","Altamente Tolerante"
"412","CDECastro","Castro","PR","com","nao","IPRTuiuiu","p",4,"23/12/19",0,0,"19/20","Castro_CDECastro_19/20_12_nao_com","Altamente Tolerante","Altamente Tolerante"
"413","CDECastro","Castro","PR","com","nao","ANFc23","chc",4,"23/12/19",0,0,"19/20","Castro_CDECastro_19/20_12_nao_com","Altamente Tolerante","Altamente Tolerante"
"414","CDECastro","Castro","PR","com","nao","ImperadorVermelho","chc",4,"23/12/19",0,0,"19/20","Castro_CDECastro_19/20_12_nao_com","Altamente Tolerante","Altamente Tolerante"
"415","CDECastro","Castro","PR","com","nao","BRSFC402","chc",4,"23/12/19",1.5,0,"19/20","Castro_CDECastro_19/20_12_nao_com","Suscetível","Altamente Tolerante"
"416","CDECastro","Castro","PR","com","nao","BRSPaisano","p",4,"23/12/19",0,0,"19/20","Castro_CDECastro_19/20_12_nao_com","Altamente Tolerante","Altamente Tolerante"
"417","CDECastro","Castro","PR","com","nao","IAC1849","chc",4,"23/12/19",0,0,"19/20","Castro_CDECastro_19/20_12_nao_com","Altamente Tolerante","Altamente Tolerante"
"418","CDECastro","Castro","PR","com","nao","ANFc9","chc",4,"23/12/19",0,0,"19/20","Castro_CDECastro_19/20_12_nao_com","Altamente Tolerante","Altamente Tolerante"
"419","CDECastro","Castro","PR","com","nao","IPRUrutau","p",4,"23/12/19",0,0,"19/20","Castro_CDECastro_19/20_12_nao_com","Altamente Tolerante","Altamente Tolerante"
"420","CDECastro","Castro","PR","com","nao","BRSFC104","chc",4,"23/12/19",0,0,"19/20","Castro_CDECastro_19/20_12_nao_com","Altamente Tolerante","Altamente Tolerante"
"421","CDECastro","Castro","PR","com","nao","IPRSabia","chc",4,"23/12/19",0,0,"19/20","Castro_CDECastro_19/20_12_nao_com","Altamente Tolerante","Altamente Tolerante"
"422","CDECastro","Castro","PR","com","nao","ANFp119","p",4,"23/12/19",0,0,"19/20","Castro_CDECastro_19/20_12_nao_com","Altamente Tolerante","Altamente Tolerante"
"423","CDECastro","Castro","PR","com","nao","BRSIntrepido","p",4,"23/12/19",0,0,"19/20","Castro_CDECastro_19/20_12_nao_com","Altamente Tolerante","Altamente Tolerante"
"424","CDECastro","Castro","PR","com","nao","BRSEstilo","chc",4,"23/12/19",0,0,"19/20","Castro_CDECastro_19/20_12_nao_com","Altamente Tolerante","Altamente Tolerante"
"425","CDECastro","Castro","PR","com","nao","IPRCurio","chc",4,"23/12/19",0,0,"19/20","Castro_CDECastro_19/20_12_nao_com","Altamente Tolerante","Altamente Tolerante"
"426","CDECastro","Castro","PR","com","nao","BRSFP403","p",4,"23/12/19",0,0,"19/20","Castro_CDECastro_19/20_12_nao_com","Altamente Tolerante","Altamente Tolerante"
"427","CDECastro","Castro","PR","com","nao","IPRCamposGerais","chc",4,"23/12/19",0,0,"19/20","Castro_CDECastro_19/20_12_nao_com","Altamente Tolerante","Altamente Tolerante"
"428","CDECastro","Castro","PR","com","nao","SCS204Predileto","p",4,"23/12/19",0,0,"19/20","Castro_CDECastro_19/20_12_nao_com","Altamente Tolerante","Altamente Tolerante"
"429","CDECastro","Castro","PR","com","nao","SCS205Riqueza","chc",4,"23/12/19",0.8,1,"19/20","Castro_CDECastro_19/20_12_nao_com","Tolerante","Suscetível"
"430","CDECastro","Castro","PR","com","nao","IPRUirapuru","p",4,"23/12/19",0,0,"19/20","Castro_CDECastro_19/20_12_nao_com","Altamente Tolerante","Altamente Tolerante"
"431","CDECastro","Castro","PR","com","nao","BRSMGMadreperola","chc",4,"23/12/19",0,0,"19/20","Castro_CDECastro_19/20_12_nao_com","Altamente Tolerante","Altamente Tolerante"
"432","CDEArapoti","Arapoti","PR","com","nao","ANFc9","chc",1,"16/12/20",1,0,"20/21","Arapoti_CDEArapoti_20/21_12_nao_com","Tolerante","Altamente Tolerante"
"433","CDEArapoti","Arapoti","PR","com","nao","BRSEsteio","p",1,"16/12/20",0,0,"20/21","Arapoti_CDEArapoti_20/21_12_nao_com","Altamente Tolerante","Altamente Tolerante"
"434","CDEArapoti","Arapoti","PR","com","nao","BRSFP403","p",1,"16/12/20",1,0,"20/21","Arapoti_CDEArapoti_20/21_12_nao_com","Tolerante","Altamente Tolerante"
"435","CDEArapoti","Arapoti","PR","com","nao","GEN49-4-4DA940","chc",1,"16/12/20",10,1,"20/21","Arapoti_CDEArapoti_20/21_12_nao_com","Altamente Suscetível","Suscetível"
"436","CDEArapoti","Arapoti","PR","com","nao","IPRCamposGerais","chc",1,"16/12/20",10,1,"20/21","Arapoti_CDEArapoti_20/21_12_nao_com","Altamente Suscetível","Suscetível"
"437","CDEArapoti","Arapoti","PR","com","nao","IPRQuero-quero","chc",1,"16/12/20",0,1,"20/21","Arapoti_CDEArapoti_20/21_12_nao_com","Altamente Tolerante","Suscetível"
"438","CDEArapoti","Arapoti","PR","com","nao","IPRSabia","chc",1,"16/12/20",0,0,"20/21","Arapoti_CDEArapoti_20/21_12_nao_com","Altamente Tolerante","Altamente Tolerante"
"439","CDEArapoti","Arapoti","PR","com","nao","IPRTuiuiu","p",1,"16/12/20",1,1,"20/21","Arapoti_CDEArapoti_20/21_12_nao_com","Tolerante","Suscetível"
"440","CDEArapoti","Arapoti","PR","com","nao","IPRUrutau","p",1,"16/12/20",1,0,"20/21","Arapoti_CDEArapoti_20/21_12_nao_com","Tolerante","Altamente Tolerante"
"441","CDEArapoti","Arapoti","PR","com","nao","BRSFC104","chc",2,"16/12/20",10,1,"20/21","Arapoti_CDEArapoti_20/21_12_nao_com","Altamente Suscetível","Suscetível"
"442","CDEArapoti","Arapoti","PR","com","nao","BRSEsteio","p",2,"16/12/20",0,1,"20/21","Arapoti_CDEArapoti_20/21_12_nao_com","Altamente Tolerante","Suscetível"
"443","CDEArapoti","Arapoti","PR","com","nao","IPRTuiuiu","p",2,"16/12/20",0,0,"20/21","Arapoti_CDEArapoti_20/21_12_nao_com","Altamente Tolerante","Altamente Tolerante"
"444","CDEArapoti","Arapoti","PR","com","nao","IPRUrutau","p",2,"16/12/20",0,0,"20/21","Arapoti_CDEArapoti_20/21_12_nao_com","Altamente Tolerante","Altamente Tolerante"
"445","CDEArapoti","Arapoti","PR","com","nao","IACVeloz","p",2,"16/12/20",10,0,"20/21","Arapoti_CDEArapoti_20/21_12_nao_com","Altamente Suscetível","Altamente Tolerante"
"446","CDEArapoti","Arapoti","PR","com","nao","IAC1850","chc",2,"16/12/20",1,0,"20/21","Arapoti_CDEArapoti_20/21_12_nao_com","Tolerante","Altamente Tolerante"
"447","CDEArapoti","Arapoti","PR","com","nao","IPRSabia","chc",2,"16/12/20",1,0,"20/21","Arapoti_CDEArapoti_20/21_12_nao_com","Tolerante","Altamente Tolerante"
"448","CDEArapoti","Arapoti","PR","com","nao","IPRSabia","chc",3,"16/12/20",0,0,"20/21","Arapoti_CDEArapoti_20/21_12_nao_com","Altamente Tolerante","Altamente Tolerante"
"449","CDEArapoti","Arapoti","PR","com","nao","IPRTangara","chc",3,"16/12/20",0,0,"20/21","Arapoti_CDEArapoti_20/21_12_nao_com","Altamente Tolerante","Altamente Tolerante"
"450","CDEArapoti","Arapoti","PR","com","nao","BRSFP403","p",3,"16/12/20",1,0,"20/21","Arapoti_CDEArapoti_20/21_12_nao_com","Tolerante","Altamente Tolerante"
"451","CDEArapoti","Arapoti","PR","com","nao","IPRTuiuiu","p",3,"16/12/20",0,0,"20/21","Arapoti_CDEArapoti_20/21_12_nao_com","Altamente Tolerante","Altamente Tolerante"
"452","CDEArapoti","Arapoti","PR","com","nao","Marhe","chc",4,"16/12/20",10,1,"20/21","Arapoti_CDEArapoti_20/21_12_nao_com","Altamente Suscetível","Suscetível"
"453","CDEArapoti","Arapoti","PR","com","nao","ANFc9","chc",4,"16/12/20",0,0,"20/21","Arapoti_CDEArapoti_20/21_12_nao_com","Altamente Tolerante","Altamente Tolerante"
"454","CDEArapoti","Arapoti","PR","com","nao","IPRQuero-quero","chc",4,"16/12/20",0,0,"20/21","Arapoti_CDEArapoti_20/21_12_nao_com","Altamente Tolerante","Altamente Tolerante"
"455","CDEArapoti","Arapoti","PR","com","nao","IPRSabia","chc",4,"16/12/20",0,0,"20/21","Arapoti_CDEArapoti_20/21_12_nao_com","Altamente Tolerante","Altamente Tolerante"
"456","CDEArapoti","Arapoti","PR","com","nao","IAC1850","chc",4,"16/12/20",1,0,"20/21","Arapoti_CDEArapoti_20/21_12_nao_com","Tolerante","Altamente Tolerante"
"457","CDEArapoti","Arapoti","PR","com","nao","ANFp119","p",4,"16/12/20",1,0,"20/21","Arapoti_CDEArapoti_20/21_12_nao_com","Tolerante","Altamente Tolerante"
"458","CDEArapoti","Arapoti","PR","com","nao","IPRTuiuiu","p",4,"16/12/20",1,0,"20/21","Arapoti_CDEArapoti_20/21_12_nao_com","Tolerante","Altamente Tolerante"
"459","CDECastro","Castro","PR","com","nao","ANFc9","chc",1,"15/12/20",0,0,"20/21","Castro_CDECastro_20/21_12_nao_com","Altamente Tolerante","Altamente Tolerante"
"460","CDECastro","Castro","PR","com","nao","ANFp119","p",1,"15/12/20",0,0,"20/21","Castro_CDECastro_20/21_12_nao_com","Altamente Tolerante","Altamente Tolerante"
"461","CDECastro","Castro","PR","com","nao","BRSEsteio","p",1,"15/12/20",0,0,"20/21","Castro_CDECastro_20/21_12_nao_com","Altamente Tolerante","Altamente Tolerante"
"462","CDECastro","Castro","PR","com","nao","BRSEstilo","chc",1,"15/12/20",0,0,"20/21","Castro_CDECastro_20/21_12_nao_com","Altamente Tolerante","Altamente Tolerante"
"463","CDECastro","Castro","PR","com","nao","BRSFC104","chc",1,"15/12/20",0,0,"20/21","Castro_CDECastro_20/21_12_nao_com","Altamente Tolerante","Altamente Tolerante"
"464","CDECastro","Castro","PR","com","nao","BRSFC402","chc",1,"15/12/20",0,0,"20/21","Castro_CDECastro_20/21_12_nao_com","Altamente Tolerante","Altamente Tolerante"
"465","CDECastro","Castro","PR","com","nao","BRSFP403","p",1,"15/12/20",0,0,"20/21","Castro_CDECastro_20/21_12_nao_com","Altamente Tolerante","Altamente Tolerante"
"466","CDECastro","Castro","PR","com","nao","GEN49-4-4DA940","chc",1,"15/12/20",0,0,"20/21","Castro_CDECastro_20/21_12_nao_com","Altamente Tolerante","Altamente Tolerante"
"467","CDECastro","Castro","PR","com","nao","IAC1849","chc",1,"15/12/20",0,0,"20/21","Castro_CDECastro_20/21_12_nao_com","Altamente Tolerante","Altamente Tolerante"
"468","CDECastro","Castro","PR","com","nao","IAC1850","chc",1,"15/12/20",0,0,"20/21","Castro_CDECastro_20/21_12_nao_com","Altamente Tolerante","Altamente Tolerante"
"469","CDECastro","Castro","PR","com","nao","IAC2051","chc",1,"15/12/20",0,0,"20/21","Castro_CDECastro_20/21_12_nao_com","Altamente Tolerante","Altamente Tolerante"
"470","CDECastro","Castro","PR","com","nao","IACVeloz","p",1,"15/12/20",0,0,"20/21","Castro_CDECastro_20/21_12_nao_com","Altamente Tolerante","Altamente Tolerante"
"471","CDECastro","Castro","PR","com","nao","IPRBem-te-vi","chc",1,"15/12/20",0,0,"20/21","Castro_CDECastro_20/21_12_nao_com","Altamente Tolerante","Altamente Tolerante"
"472","CDECastro","Castro","PR","com","nao","IPRCamposGerais","chc",1,"15/12/20",0,0,"20/21","Castro_CDECastro_20/21_12_nao_com","Altamente Tolerante","Altamente Tolerante"
"473","CDECastro","Castro","PR","com","nao","IPRCurio","chc",1,"15/12/20",0,0,"20/21","Castro_CDECastro_20/21_12_nao_com","Altamente Tolerante","Altamente Tolerante"
"474","CDECastro","Castro","PR","com","nao","IPRQuero-quero","chc",1,"15/12/20",0,0,"20/21","Castro_CDECastro_20/21_12_nao_com","Altamente Tolerante","Altamente Tolerante"
"475","CDECastro","Castro","PR","com","nao","IPRSabia","chc",1,"15/12/20",0,0,"20/21","Castro_CDECastro_20/21_12_nao_com","Altamente Tolerante","Altamente Tolerante"
"476","CDECastro","Castro","PR","com","nao","IPRTangara","chc",1,"15/12/20",0,0,"20/21","Castro_CDECastro_20/21_12_nao_com","Altamente Tolerante","Altamente Tolerante"
"477","CDECastro","Castro","PR","com","nao","IPRTuiuiu","p",1,"15/12/20",0,0,"20/21","Castro_CDECastro_20/21_12_nao_com","Altamente Tolerante","Altamente Tolerante"
"478","CDECastro","Castro","PR","com","nao","IPRUirapuru","p",1,"15/12/20",0,0,"20/21","Castro_CDECastro_20/21_12_nao_com","Altamente Tolerante","Altamente Tolerante"
"479","CDECastro","Castro","PR","com","nao","IPRUrutau","p",1,"15/12/20",0,0,"20/21","Castro_CDECastro_20/21_12_nao_com","Altamente Tolerante","Altamente Tolerante"
"480","CDECastro","Castro","PR","com","nao","Marhe","chc",1,"15/12/20",0,0,"20/21","Castro_CDECastro_20/21_12_nao_com","Altamente Tolerante","Altamente Tolerante"
"481","CDECastro","Castro","PR","com","nao","SCS204Predileto","p",1,"15/12/20",0,0,"20/21","Castro_CDECastro_20/21_12_nao_com","Altamente Tolerante","Altamente Tolerante"
"482","CDECastro","Castro","PR","com","nao","SCS205Riqueza","chc",1,"15/12/20",0,0,"20/21","Castro_CDECastro_20/21_12_nao_com","Altamente Tolerante","Altamente Tolerante"
"483","CDECastro","Castro","PR","com","nao","TAADama","chc",1,"15/12/20",0,0,"20/21","Castro_CDECastro_20/21_12_nao_com","Altamente Tolerante","Altamente Tolerante"
"484","CDECastro","Castro","PR","com","nao","BRSFC104","chc",2,"15/12/20",0,0,"20/21","Castro_CDECastro_20/21_12_nao_com","Altamente Tolerante","Altamente Tolerante"
"485","CDECastro","Castro","PR","com","nao","IAC1849","chc",2,"15/12/20",0,0,"20/21","Castro_CDECastro_20/21_12_nao_com","Altamente Tolerante","Altamente Tolerante"
"486","CDECastro","Castro","PR","com","nao","Marhe","chc",2,"15/12/20",0,0,"20/21","Castro_CDECastro_20/21_12_nao_com","Altamente Tolerante","Altamente Tolerante"
"487","CDECastro","Castro","PR","com","nao","IAC2051","chc",2,"15/12/20",0,0,"20/21","Castro_CDECastro_20/21_12_nao_com","Altamente Tolerante","Altamente Tolerante"
"488","CDECastro","Castro","PR","com","nao","BRSEsteio","p",2,"15/12/20",0,0,"20/21","Castro_CDECastro_20/21_12_nao_com","Altamente Tolerante","Altamente Tolerante"
"489","CDECastro","Castro","PR","com","nao","IPRTuiuiu","p",2,"15/12/20",0,0,"20/21","Castro_CDECastro_20/21_12_nao_com","Altamente Tolerante","Altamente Tolerante"
"490","CDECastro","Castro","PR","com","nao","SCS204Predileto","p",2,"15/12/20",0,0,"20/21","Castro_CDECastro_20/21_12_nao_com","Altamente Tolerante","Altamente Tolerante"
"491","CDECastro","Castro","PR","com","nao","IPRUrutau","p",2,"15/12/20",0,0,"20/21","Castro_CDECastro_20/21_12_nao_com","Altamente Tolerante","Altamente Tolerante"
"492","CDECastro","Castro","PR","com","nao","BRSFC402","chc",2,"15/12/20",0,0,"20/21","Castro_CDECastro_20/21_12_nao_com","Altamente Tolerante","Altamente Tolerante"
"493","CDECastro","Castro","PR","com","nao","BRSEstilo","chc",2,"15/12/20",0,0,"20/21","Castro_CDECastro_20/21_12_nao_com","Altamente Tolerante","Altamente Tolerante"
"494","CDECastro","Castro","PR","com","nao","ANFc9","chc",2,"15/12/20",0,0,"20/21","Castro_CDECastro_20/21_12_nao_com","Altamente Tolerante","Altamente Tolerante"
"495","CDECastro","Castro","PR","com","nao","IPRCamposGerais","chc",2,"15/12/20",0,0,"20/21","Castro_CDECastro_20/21_12_nao_com","Altamente Tolerante","Altamente Tolerante"
"496","CDECastro","Castro","PR","com","nao","GEN49-4-4DA940","chc",2,"15/12/20",0,0,"20/21","Castro_CDECastro_20/21_12_nao_com","Altamente Tolerante","Altamente Tolerante"
"497","CDECastro","Castro","PR","com","nao","IPRCurio","chc",2,"15/12/20",0,0,"20/21","Castro_CDECastro_20/21_12_nao_com","Altamente Tolerante","Altamente Tolerante"
"498","CDECastro","Castro","PR","com","nao","BRSFP403","p",2,"15/12/20",0,0,"20/21","Castro_CDECastro_20/21_12_nao_com","Altamente Tolerante","Altamente Tolerante"
"499","CDECastro","Castro","PR","com","nao","IACVeloz","p",2,"15/12/20",0,0,"20/21","Castro_CDECastro_20/21_12_nao_com","Altamente Tolerante","Altamente Tolerante"
"500","CDECastro","Castro","PR","com","nao","SCS205Riqueza","chc",2,"15/12/20",0,0,"20/21","Castro_CDECastro_20/21_12_nao_com","Altamente Tolerante","Altamente Tolerante"
"501","CDECastro","Castro","PR","com","nao","IPRTangara","chc",2,"15/12/20",0,0,"20/21","Castro_CDECastro_20/21_12_nao_com","Altamente Tolerante","Altamente Tolerante"
"502","CDECastro","Castro","PR","com","nao","ANFp119","p",2,"15/12/20",0,0,"20/21","Castro_CDECastro_20/21_12_nao_com","Altamente Tolerante","Altamente Tolerante"
"503","CDECastro","Castro","PR","com","nao","IPRBem-te-vi","chc",2,"15/12/20",0,0,"20/21","Castro_CDECastro_20/21_12_nao_com","Altamente Tolerante","Altamente Tolerante"
"504","CDECastro","Castro","PR","com","nao","IAC1850","chc",2,"15/12/20",0,0,"20/21","Castro_CDECastro_20/21_12_nao_com","Altamente Tolerante","Altamente Tolerante"
"505","CDECastro","Castro","PR","com","nao","IPRSabia","chc",2,"15/12/20",0,0,"20/21","Castro_CDECastro_20/21_12_nao_com","Altamente Tolerante","Altamente Tolerante"
"506","CDECastro","Castro","PR","com","nao","IPRQuero-quero","chc",2,"15/12/20",0,0,"20/21","Castro_CDECastro_20/21_12_nao_com","Altamente Tolerante","Altamente Tolerante"
"507","CDECastro","Castro","PR","com","nao","IPRUirapuru","p",2,"15/12/20",0,0,"20/21","Castro_CDECastro_20/21_12_nao_com","Altamente Tolerante","Altamente Tolerante"
"508","CDECastro","Castro","PR","com","nao","TAADama","chc",2,"15/12/20",0,0,"20/21","Castro_CDECastro_20/21_12_nao_com","Altamente Tolerante","Altamente Tolerante"
"509","CDECastro","Castro","PR","com","nao","BRSEstilo","chc",3,"15/12/20",0,0,"20/21","Castro_CDECastro_20/21_12_nao_com","Altamente Tolerante","Altamente Tolerante"
"510","CDECastro","Castro","PR","com","nao","SCS205Riqueza","chc",3,"15/12/20",0,0,"20/21","Castro_CDECastro_20/21_12_nao_com","Altamente Tolerante","Altamente Tolerante"
"511","CDECastro","Castro","PR","com","nao","Marhe","chc",3,"15/12/20",0,0,"20/21","Castro_CDECastro_20/21_12_nao_com","Altamente Tolerante","Altamente Tolerante"
"512","CDECastro","Castro","PR","com","nao","SCS204Predileto","p",3,"15/12/20",0,0,"20/21","Castro_CDECastro_20/21_12_nao_com","Altamente Tolerante","Altamente Tolerante"
"513","CDECastro","Castro","PR","com","nao","IAC1850","chc",3,"15/12/20",0,0,"20/21","Castro_CDECastro_20/21_12_nao_com","Altamente Tolerante","Altamente Tolerante"
"514","CDECastro","Castro","PR","com","nao","IPRCurio","chc",3,"15/12/20",0,0,"20/21","Castro_CDECastro_20/21_12_nao_com","Altamente Tolerante","Altamente Tolerante"
"515","CDECastro","Castro","PR","com","nao","IACVeloz","p",3,"15/12/20",0,0,"20/21","Castro_CDECastro_20/21_12_nao_com","Altamente Tolerante","Altamente Tolerante"
"516","CDECastro","Castro","PR","com","nao","IPRBem-te-vi","chc",3,"15/12/20",0,0,"20/21","Castro_CDECastro_20/21_12_nao_com","Altamente Tolerante","Altamente Tolerante"
"517","CDECastro","Castro","PR","com","nao","IPRCamposGerais","chc",3,"15/12/20",0,0,"20/21","Castro_CDECastro_20/21_12_nao_com","Altamente Tolerante","Altamente Tolerante"
"518","CDECastro","Castro","PR","com","nao","IAC2051","chc",3,"15/12/20",0,0,"20/21","Castro_CDECastro_20/21_12_nao_com","Altamente Tolerante","Altamente Tolerante"
"519","CDECastro","Castro","PR","com","nao","IPRUrutau","p",3,"15/12/20",0,0,"20/21","Castro_CDECastro_20/21_12_nao_com","Altamente Tolerante","Altamente Tolerante"
"520","CDECastro","Castro","PR","com","nao","ANFp119","p",3,"15/12/20",0,0,"20/21","Castro_CDECastro_20/21_12_nao_com","Altamente Tolerante","Altamente Tolerante"
"521","CDECastro","Castro","PR","com","nao","IPRSabia","chc",3,"15/12/20",0,0,"20/21","Castro_CDECastro_20/21_12_nao_com","Altamente Tolerante","Altamente Tolerante"
"522","CDECastro","Castro","PR","com","nao","IPRTangara","chc",3,"15/12/20",0,0,"20/21","Castro_CDECastro_20/21_12_nao_com","Altamente Tolerante","Altamente Tolerante"
"523","CDECastro","Castro","PR","com","nao","BRSFC402","chc",3,"15/12/20",0,0,"20/21","Castro_CDECastro_20/21_12_nao_com","Altamente Tolerante","Altamente Tolerante"
"524","CDECastro","Castro","PR","com","nao","BRSFC104","chc",3,"15/12/20",0,0,"20/21","Castro_CDECastro_20/21_12_nao_com","Altamente Tolerante","Altamente Tolerante"
"525","CDECastro","Castro","PR","com","nao","ANFc9","chc",3,"15/12/20",0,0,"20/21","Castro_CDECastro_20/21_12_nao_com","Altamente Tolerante","Altamente Tolerante"
"526","CDECastro","Castro","PR","com","nao","GEN49-4-4DA940","chc",3,"15/12/20",0,0,"20/21","Castro_CDECastro_20/21_12_nao_com","Altamente Tolerante","Altamente Tolerante"
"527","CDECastro","Castro","PR","com","nao","BRSFP403","p",3,"15/12/20",0,0,"20/21","Castro_CDECastro_20/21_12_nao_com","Altamente Tolerante","Altamente Tolerante"
"528","CDECastro","Castro","PR","com","nao","IPRTuiuiu","p",3,"15/12/20",0,0,"20/21","Castro_CDECastro_20/21_12_nao_com","Altamente Tolerante","Altamente Tolerante"
"529","CDECastro","Castro","PR","com","nao","IPRUirapuru","p",3,"15/12/20",0,0,"20/21","Castro_CDECastro_20/21_12_nao_com","Altamente Tolerante","Altamente Tolerante"
"530","CDECastro","Castro","PR","com","nao","BRSEsteio","p",3,"15/12/20",0,0,"20/21","Castro_CDECastro_20/21_12_nao_com","Altamente Tolerante","Altamente Tolerante"
"531","CDECastro","Castro","PR","com","nao","TAADama","chc",3,"15/12/20",0,0,"20/21","Castro_CDECastro_20/21_12_nao_com","Altamente Tolerante","Altamente Tolerante"
"532","CDECastro","Castro","PR","com","nao","IPRQuero-quero","chc",3,"15/12/20",0,0,"20/21","Castro_CDECastro_20/21_12_nao_com","Altamente Tolerante","Altamente Tolerante"
"533","CDECastro","Castro","PR","com","nao","IAC1849","chc",3,"15/12/20",0,0,"20/21","Castro_CDECastro_20/21_12_nao_com","Altamente Tolerante","Altamente Tolerante"
"534","CDECastro","Castro","PR","com","nao","IPRUirapuru","p",4,"15/12/20",0,0,"20/21","Castro_CDECastro_20/21_12_nao_com","Altamente Tolerante","Altamente Tolerante"
"535","CDECastro","Castro","PR","com","nao","Marhe","chc",4,"15/12/20",0,0,"20/21","Castro_CDECastro_20/21_12_nao_com","Altamente Tolerante","Altamente Tolerante"
"536","CDECastro","Castro","PR","com","nao","IPRCamposGerais","chc",4,"15/12/20",0,0,"20/21","Castro_CDECastro_20/21_12_nao_com","Altamente Tolerante","Altamente Tolerante"
"537","CDECastro","Castro","PR","com","nao","IPRCurio","chc",4,"15/12/20",0,0,"20/21","Castro_CDECastro_20/21_12_nao_com","Altamente Tolerante","Altamente Tolerante"
"538","CDECastro","Castro","PR","com","nao","IPRBem-te-vi","chc",4,"15/12/20",0,0,"20/21","Castro_CDECastro_20/21_12_nao_com","Altamente Tolerante","Altamente Tolerante"
"539","CDECastro","Castro","PR","com","nao","SCS204Predileto","p",4,"15/12/20",0,0,"20/21","Castro_CDECastro_20/21_12_nao_com","Altamente Tolerante","Altamente Tolerante"
"540","CDECastro","Castro","PR","com","nao","ANFc9","chc",4,"15/12/20",0,0,"20/21","Castro_CDECastro_20/21_12_nao_com","Altamente Tolerante","Altamente Tolerante"
"541","CDECastro","Castro","PR","com","nao","IPRQuero-quero","chc",4,"15/12/20",0,0,"20/21","Castro_CDECastro_20/21_12_nao_com","Altamente Tolerante","Altamente Tolerante"
"542","CDECastro","Castro","PR","com","nao","BRSEstilo","chc",4,"15/12/20",0,0,"20/21","Castro_CDECastro_20/21_12_nao_com","Altamente Tolerante","Altamente Tolerante"
"543","CDECastro","Castro","PR","com","nao","BRSFP403","p",4,"15/12/20",0,0,"20/21","Castro_CDECastro_20/21_12_nao_com","Altamente Tolerante","Altamente Tolerante"
"544","CDECastro","Castro","PR","com","nao","IPRSabia","chc",4,"15/12/20",0,0,"20/21","Castro_CDECastro_20/21_12_nao_com","Altamente Tolerante","Altamente Tolerante"
"545","CDECastro","Castro","PR","com","nao","IAC1850","chc",4,"15/12/20",0,0,"20/21","Castro_CDECastro_20/21_12_nao_com","Altamente Tolerante","Altamente Tolerante"
"546","CDECastro","Castro","PR","com","nao","IACVeloz","p",4,"15/12/20",0,0,"20/21","Castro_CDECastro_20/21_12_nao_com","Altamente Tolerante","Altamente Tolerante"
"547","CDECastro","Castro","PR","com","nao","ANFp119","p",4,"15/12/20",0,0,"20/21","Castro_CDECastro_20/21_12_nao_com","Altamente Tolerante","Altamente Tolerante"
"548","CDECastro","Castro","PR","com","nao","TAADama","chc",4,"15/12/20",0,0,"20/21","Castro_CDECastro_20/21_12_nao_com","Altamente Tolerante","Altamente Tolerante"
"549","CDECastro","Castro","PR","com","nao","BRSFC402","chc",4,"15/12/20",0,0,"20/21","Castro_CDECastro_20/21_12_nao_com","Altamente Tolerante","Altamente Tolerante"
"550","CDECastro","Castro","PR","com","nao","IPRUrutau","p",4,"15/12/20",0,0,"20/21","Castro_CDECastro_20/21_12_nao_com","Altamente Tolerante","Altamente Tolerante"
"551","CDECastro","Castro","PR","com","nao","BRSEsteio","p",4,"15/12/20",0,0,"20/21","Castro_CDECastro_20/21_12_nao_com","Altamente Tolerante","Altamente Tolerante"
"552","CDECastro","Castro","PR","com","nao","IAC1849","chc",4,"15/12/20",0,0,"20/21","Castro_CDECastro_20/21_12_nao_com","Altamente Tolerante","Altamente Tolerante"
"553","CDECastro","Castro","PR","com","nao","BRSFC104","chc",4,"15/12/20",0,0,"20/21","Castro_CDECastro_20/21_12_nao_com","Altamente Tolerante","Altamente Tolerante"
"554","CDECastro","Castro","PR","com","nao","IPRTuiuiu","p",4,"15/12/20",0,0,"20/21","Castro_CDECastro_20/21_12_nao_com","Altamente Tolerante","Altamente Tolerante"
"555","CDECastro","Castro","PR","com","nao","GEN49-4-4DA940","chc",4,"15/12/20",0,0,"20/21","Castro_CDECastro_20/21_12_nao_com","Altamente Tolerante","Altamente Tolerante"
"556","CDECastro","Castro","PR","com","nao","IPRTangara","chc",4,"15/12/20",0,0,"20/21","Castro_CDECastro_20/21_12_nao_com","Altamente Tolerante","Altamente Tolerante"
"557","CDECastro","Castro","PR","com","nao","SCS205Riqueza","chc",4,"15/12/20",0,0,"20/21","Castro_CDECastro_20/21_12_nao_com","Altamente Tolerante","Altamente Tolerante"
"558","CDECastro","Castro","PR","com","nao","IAC2051","chc",4,"15/12/20",0,0,"20/21","Castro_CDECastro_20/21_12_nao_com","Altamente Tolerante","Altamente Tolerante"
